group_level,group_name,metric_name,mean,median,p25,p75,n
category,simple_java,aug_avg_sentence_len,21.67835714285714,21.5,19.571428571428573,23.196428571428573,100
category,simple_java,aug_bullet_count,0.03,0.0,0.0,0.0,100
category,simple_java,aug_char_count,818.73,811.0,762.0,868.25,100
category,simple_java,aug_constraint_mention_count,1.47,1.0,0.0,2.0,100
category,simple_java,aug_enum_value_mentions,0,0.0,0.0,0.0,100
category,simple_java,aug_example_block_count,0,0.0,0.0,0.0,100
category,simple_java,aug_flesch_kincaid_grade,12.517139112709817,12.4064056473328,11.2803347361858,13.669554685588455,100
category,simple_java,aug_flesch_reading_ease,43.932462977642246,44.42441099248286,37.65628964785217,50.54504807692308,100
category,simple_java,aug_has_edge_case_guidance,0.1,0.0,0.0,0.0,100
category,simple_java,aug_has_example,0.12,0.0,0.0,0.0,100
category,simple_java,aug_has_step_by_step,0,0.0,0.0,0.0,100
category,simple_java,aug_line_count,2.07,1.0,1.0,3.0,100
category,simple_java,aug_long_word_ratio,0.06945356350863927,0.0687293339631554,0.04715182086614173,0.09177121552846491,100
category,simple_java,aug_param_name_coverage,0.9975,1.0,1.0,1.0,100
category,simple_java,aug_repetition_rate,0.4040400314272232,0.4015173285821024,0.375,0.4305747069831577,100
category,simple_java,aug_required_param_coverage,0.9975,1.0,1.0,1.0,100
category,simple_java,aug_sentence_count,6.29,6.0,6.0,7.0,100
category,simple_java,aug_ttr,0.5959599685727768,0.5984826714178977,0.5694252930168423,0.625,100
category,simple_java,aug_type_coverage,0.5440833333333334,0.5,0.0,1.0,100
category,simple_java,aug_unique_word_count,79.84,79.5,74.0,84.25,100
category,simple_java,aug_word_count,134.08,134.0,128.0,140.0,100
category,simple_java,aug_word_entropy,5.978725781358782,5.97590480657615,5.869806143608171,6.077252882632927,100
category,simple_java,delta_avg_sentence_len,2.383357142857143,3.5476190476190474,-2.083333333333333,7.488095238095237,100
category,simple_java,delta_bullet_count,0.03,0.0,0.0,0.0,100
category,simple_java,delta_char_count,679.75,675.5,629.75,719.25,100
category,simple_java,delta_constraint_mention_count,1.31,1.0,0.0,2.0,100
category,simple_java,delta_enum_value_mentions,0,0.0,0.0,0.0,100
category,simple_java,delta_example_block_count,0,0.0,0.0,0.0,100
category,simple_java,delta_flesch_kincaid_grade,-0.6025282422622096,-0.6159368573908885,-2.837259211376857,1.6810083581819848,100
category,simple_java,delta_flesch_reading_ease,8.564822573458605,8.331761303099825,-3.001713114754093,18.527273833389714,100
category,simple_java,delta_has_edge_case_guidance,0.02,0.0,0.0,0.0,100
category,simple_java,delta_has_example,0.12,0.0,0.0,0.0,100
category,simple_java,delta_has_step_by_step,0,0.0,0.0,0.0,100
category,simple_java,delta_line_count,1.07,0.0,0.0,2.0,100
category,simple_java,delta_long_word_ratio,-0.01598167132765681,-0.008978176414897992,-0.03929758293953453,0.01570649030603264,100
category,simple_java,delta_param_name_coverage,0.7003333333333334,0.8,0.5,1.0,100
category,simple_java,delta_repetition_rate,0.2654442422224049,0.2667975593959846,0.217479849505397,0.31774812827138404,100
category,simple_java,delta_required_param_coverage,0.6898333333333333,0.775,0.5,1.0,100
category,simple_java,delta_sentence_count,5.1,5.0,4.0,6.0,100
category,simple_java,delta_ttr,-0.2654442422224049,-0.2667975593959846,-0.31774812827138404,-0.217479849505397,100
category,simple_java,delta_type_coverage,0.4374166666666667,0.5,0.0,1.0,100
category,simple_java,delta_unique_word_count,61.18,61.0,55.0,67.0,100
category,simple_java,delta_word_count,112.11,112.0,104.75,118.0,100
category,simple_java,delta_word_entropy,1.8897246076722716,1.8920970259712542,1.593977351598416,2.114824778852644,100
category,simple_java,orig_avg_sentence_len,19.295,18.75,15.0,23.0,100
category,simple_java,orig_bullet_count,0,0.0,0.0,0.0,100
category,simple_java,orig_char_count,138.98,139.0,114.0,160.25,100
category,simple_java,orig_constraint_mention_count,0.16,0.0,0.0,0.0,100
category,simple_java,orig_enum_value_mentions,0,0.0,0.0,0.0,100
category,simple_java,orig_example_block_count,0,0.0,0.0,0.0,100
category,simple_java,orig_flesch_kincaid_grade,13.119667354972027,13.371818181818181,10.683125,15.034807692307695,100
category,simple_java,orig_flesch_reading_ease,35.367640404183646,37.07763157894739,22.198750000000025,48.16754310344829,100
category,simple_java,orig_has_edge_case_guidance,0.08,0.0,0.0,0.0,100
category,simple_java,orig_has_example,0,0.0,0.0,0.0,100
category,simple_java,orig_has_step_by_step,0,0.0,0.0,0.0,100
category,simple_java,orig_line_count,1,1.0,1.0,1.0,100
category,simple_java,orig_long_word_ratio,0.08543523483629609,0.08333333333333333,0.041666666666666664,0.11764705882352941,100
category,simple_java,orig_param_name_coverage,0.2971666666666667,0.18333333333333335,0.0,0.5,100
category,simple_java,orig_repetition_rate,0.1385957892048183,0.13961038961038963,0.07923076923076919,0.1875,100
category,simple_java,orig_required_param_coverage,0.30766666666666664,0.18333333333333335,0.0,0.5,100
category,simple_java,orig_sentence_count,1.19,1.0,1.0,1.0,100
category,simple_java,orig_ttr,0.8614042107951817,0.8603896103896104,0.8125,0.9207692307692308,100
category,simple_java,orig_type_coverage,0.10666666666666666,0.0,0.0,0.0,100
category,simple_java,orig_unique_word_count,18.66,18.0,15.0,21.25,100
category,simple_java,orig_word_count,21.97,21.5,17.75,26.0,100
category,simple_java,orig_word_entropy,4.08900117368651,4.112152514690676,3.8293846451860327,4.3117883766706955,100
category,live_multiple,aug_avg_sentence_len,20.02133494031221,19.857142857142858,18.138392857142858,22.166666666666668,220
category,live_multiple,aug_bullet_count,0.01818181818181818,0.0,0.0,0.0,220
category,live_multiple,aug_char_count,801.0954545454546,809.5,758.75,844.0,220
category,live_multiple,aug_constraint_mention_count,1.981818181818182,1.0,1.0,3.0,220
category,live_multiple,aug_enum_field_coverage,0.9519230769230769,1.0,1.0,1.0,52
category,live_multiple,aug_enum_value_mentions,0.95,0.0,0.0,0.0,220
category,live_multiple,aug_example_block_count,0,0.0,0.0,0.0,220
category,live_multiple,aug_flesch_kincaid_grade,11.966123959281516,11.79569667388602,10.93478602168567,12.972593703148426,220
category,live_multiple,aug_flesch_reading_ease,44.93163639706152,45.49484610039242,38.52782827967206,51.624439496314494,220
category,live_multiple,aug_has_edge_case_guidance,0.022727272727272728,0.0,0.0,0.0,220
category,live_multiple,aug_has_example,0.17727272727272728,0.0,0.0,0.0,220
category,live_multiple,aug_has_step_by_step,0,0.0,0.0,0.0,220
category,live_multiple,aug_line_count,2.5045454545454544,1.0,1.0,5.0,220
category,live_multiple,aug_long_word_ratio,0.06661152516805964,0.06294014084507042,0.04316546762589928,0.08548414304993253,220
category,live_multiple,aug_nested_leaf_coverage,1.0,1.0,1.0,1.0,9
category,live_multiple,aug_param_name_coverage,0.997656934643236,1.0,1.0,1.0,219
category,live_multiple,aug_repetition_rate,0.3786298083909825,0.375,0.3516837284482759,0.40918038654259126,220
category,live_multiple,aug_required_param_coverage,0.9988038277511961,1.0,1.0,1.0,209
category,live_multiple,aug_sentence_count,6.718181818181818,6.0,6.0,7.0,220
category,live_multiple,aug_ttr,0.6213701916090175,0.625,0.5908196134574087,0.6483162715517241,220
category,live_multiple,aug_type_coverage,0.5903885561419808,0.6666666666666666,0.08333333333333333,1.0,219
category,live_multiple,aug_unique_word_count,81.48181818181818,82.0,75.0,87.0,220
category,live_multiple,aug_word_count,131.29090909090908,132.0,125.0,139.0,220
category,live_multiple,aug_word_entropy,6.036515503654055,6.032036074365006,5.916793735787389,6.152735761463754,220
category,live_multiple,delta_avg_sentence_len,4.789922602649876,5.416666666666666,1.9727272727272722,8.333333333333332,220
category,live_multiple,delta_bullet_count,0.01818181818181818,0.0,0.0,0.0,220
category,live_multiple,delta_char_count,675.8328463203463,683.75,626.375,731.25,220
category,live_multiple,delta_constraint_mention_count,1.7712121212121212,1.0,0.45833333333333337,2.0,220
category,live_multiple,delta_enum_field_coverage,0.6666666666666666,1.0,0.0,1.0,52
category,live_multiple,delta_enum_value_mentions,0.8090909090909091,0.0,0.0,0.0,220
category,live_multiple,delta_example_block_count,0,0.0,0.0,0.0,220
category,live_multiple,delta_flesch_kincaid_grade,-0.33144784599662386,-0.6069751405311106,-2.2364919239953456,1.4336915966386554,220
category,live_multiple,delta_flesch_reading_ease,10.907651789085323,11.233006877228718,0.9763255200667373,20.990947596724062,220
category,live_multiple,delta_has_edge_case_guidance,0.01818181818181818,0.0,0.0,0.0,220
category,live_multiple,delta_has_example,0.17727272727272728,0.0,0.0,0.0,220
category,live_multiple,delta_has_step_by_step,0,0.0,0.0,0.0,220
category,live_multiple,delta_line_count,1.5045454545454546,0.0,0.0,4.0,220
category,live_multiple,delta_long_word_ratio,-0.027058664198098364,-0.0203009873268494,-0.06124742116121426,0.014465337461520669,220
category,live_multiple,delta_nested_leaf_coverage,1.0,1.0,1.0,1.0,9
category,live_multiple,delta_param_name_coverage,0.680357389946431,0.7777777777777778,0.5,1.0,219
category,live_multiple,delta_repetition_rate,0.2910717021300545,0.3031242824339839,0.24071479068827953,0.34979538690476186,220
category,live_multiple,delta_required_param_coverage,0.5598750664540139,0.6666666666666667,0.0,1.0,209
category,live_multiple,delta_sentence_count,5.409848484848485,5.0,5.0,6.0,220
category,live_multiple,delta_ttr,-0.2910717021300545,-0.3031242824339839,-0.34979538690476186,-0.24071479068827953,220
category,live_multiple,delta_type_coverage,0.5093106538312018,0.5,0.0,1.0,219
category,live_multiple,delta_unique_word_count,64.14718614718615,64.0,58.375,71.0,220
category,live_multiple,delta_word_count,111.78695887445888,113.16666666666666,104.375,120.0,220
category,live_multiple,delta_word_entropy,2.071718058746939,2.1157658583851386,1.7894842268975433,2.3863374548828764,220
category,live_multiple,orig_avg_sentence_len,15.231412337662338,14.0,12.0,18.0,220
category,live_multiple,orig_bullet_count,0,0.0,0.0,0.0,220
category,live_multiple,orig_char_count,125.26260822510822,110.5,84.0,153.0,220
category,live_multiple,orig_constraint_mention_count,0.2106060606060606,0.0,0.0,0.0,220
category,live_multiple,orig_enum_field_coverage,0.28525641025641024,0.0,0.0,0.5416666666666666,52
category,live_multiple,orig_enum_value_mentions,0.1409090909090909,0.0,0.0,0.0,220
category,live_multiple,orig_example_block_count,0,0.0,0.0,0.0,220
category,live_multiple,orig_flesch_kincaid_grade,12.29757180527814,12.301022727272727,10.325608974358975,14.266794871794875,220
category,live_multiple,orig_flesch_reading_ease,34.023984607976196,34.05295454545457,19.719154411764734,47.546250000000015,220
category,live_multiple,orig_has_edge_case_guidance,0.004545454545454545,0.0,0.0,0.0,220
category,live_multiple,orig_has_example,0,0.0,0.0,0.0,220
category,live_multiple,orig_has_step_by_step,0,0.0,0.0,0.0,220
category,live_multiple,orig_line_count,1,1.0,1.0,1.0,220
category,live_multiple,orig_long_word_ratio,0.093670189366158,0.08333333333333333,0.043025362318840576,0.13348214285714285,220
category,live_multiple,orig_nested_leaf_coverage,0.0,0.0,0.0,0.0,9
category,live_multiple,orig_param_name_coverage,0.317299544696805,0.21428571428571427,0.0,0.5,219
category,live_multiple,orig_repetition_rate,0.08755810626092796,0.07334656084656085,0.02111204013377925,0.13636363636363635,220
category,live_multiple,orig_required_param_coverage,0.43892876129718233,0.3333333333333333,0.0,1.0,209
category,live_multiple,orig_sentence_count,1.3083333333333333,1.0,1.0,1.5,220
category,live_multiple,orig_ttr,0.912441893739072,0.9266534391534391,0.8636363636363636,0.9788879598662208,220
category,live_multiple,orig_type_coverage,0.08107790231077902,0.0,0.0,0.0,219
category,live_multiple,orig_unique_word_count,17.334632034632033,16.0,12.5,20.0,220
category,live_multiple,orig_word_count,19.503950216450217,17.0,13.0,23.125,220
category,live_multiple,orig_word_entropy,3.964797444907116,3.9475558304370315,3.584962500721156,4.293598629871372,220
category,live_irrelevance,aug_avg_sentence_len,19.866861304070607,19.857142857142858,17.857142857142858,21.833333333333332,473
category,live_irrelevance,aug_bullet_count,0.021141649048625793,0,0,0,473
category,live_irrelevance,aug_char_count,795.1099365750529,790,742,847,473
category,live_irrelevance,aug_constraint_mention_count,2.5306553911205074,2,1,3,473
category,live_irrelevance,aug_enum_field_coverage,0.8886762360446571,1.0,1.0,1.0,209
category,live_irrelevance,aug_enum_value_mentions,1.5560253699788584,0,0,3,473
category,live_irrelevance,aug_example_block_count,0,0,0,0,473
category,live_irrelevance,aug_flesch_kincaid_grade,11.536678964591445,11.421532639545884,10.428095238095239,12.565000000000005,473
category,live_irrelevance,aug_flesch_reading_ease,47.735405391797975,48.78483893557424,42.13516393442626,54.245021551724165,473
category,live_irrelevance,aug_has_edge_case_guidance,0.02748414376321353,0,0,0,473
category,live_irrelevance,aug_has_example,0.1649048625792812,0,0,0,473
category,live_irrelevance,aug_has_step_by_step,0,0,0,0,473
category,live_irrelevance,aug_line_count,2.126849894291755,1,1,3,473
category,live_irrelevance,aug_long_word_ratio,0.059883248124023784,0.05714285714285714,0.03937007874015748,0.07692307692307693,473
category,live_irrelevance,aug_nested_leaf_coverage,0.9226190476190477,1.0,1.0,1.0,21
category,live_irrelevance,aug_param_name_coverage,0.9972647702407003,1.0,1.0,1.0,457
category,live_irrelevance,aug_repetition_rate,0.37928377683509085,0.38,0.35114503816793896,0.40909090909090906,473
category,live_irrelevance,aug_required_param_coverage,0.9988584474885844,1.0,1.0,1.0,438
category,live_irrelevance,aug_sentence_count,6.813953488372093,7,6,7,473
category,live_irrelevance,aug_ttr,0.6207162231649092,0.62,0.5909090909090909,0.648854961832061,473
category,live_irrelevance,aug_type_coverage,0.6525483815965216,0.75,0.3333333333333333,1.0,457
category,live_irrelevance,aug_unique_word_count,81.90274841437632,81,76,88,473
category,live_irrelevance,aug_word_count,132.169133192389,132,124,140,473
category,live_irrelevance,aug_word_entropy,6.036092096335773,6.02722960449652,5.924919424563853,6.161112545513922,473
category,live_irrelevance,delta_avg_sentence_len,5.190758596790185,5.375,2.75,8.333333333333332,473
category,live_irrelevance,delta_bullet_count,0.021141649048625793,0,0,0,473
category,live_irrelevance,delta_char_count,680.1422874279888,681,625.9166666666666,734,473
category,live_irrelevance,delta_constraint_mention_count,2.204339840333498,2,1,3,473
category,live_irrelevance,delta_enum_field_coverage,0.731439393939394,1.0,0.4666666666666667,1.0,209
category,live_irrelevance,delta_enum_value_mentions,1.418551797040169,0,0,3,473
category,live_irrelevance,delta_example_block_count,0,0,0,0,473
category,live_irrelevance,delta_flesch_kincaid_grade,-0.12377333245154479,0.08583850931676906,-1.8270377550109398,1.7255769230769253,473
category,live_irrelevance,delta_flesch_reading_ease,10.132660792723732,8.95106955380578,-0.9242957746478737,19.44295343137253,473
category,live_irrelevance,delta_has_edge_case_guidance,0.023255813953488372,0,0,0,473
category,live_irrelevance,delta_has_example,0.15637773079633543,0,0,0,473
category,live_irrelevance,delta_has_step_by_step,0,0,0,0,473
category,live_irrelevance,delta_line_count,1.1268498942917549,0,0,2,473
category,live_irrelevance,delta_long_word_ratio,-0.02707659209884433,-0.024054278652727287,-0.0549684579053407,0.01629901960784315,473
category,live_irrelevance,delta_nested_leaf_coverage,0.9226190476190477,1.0,1.0,1.0,21
category,live_irrelevance,delta_param_name_coverage,0.6875536905946225,0.8,0.5,1.0,457
category,live_irrelevance,delta_repetition_rate,0.2957659409576381,0.3008763458763459,0.23899629781982723,0.35245901639344257,473
category,live_irrelevance,delta_required_param_coverage,0.5679275211910184,0.6666666666666667,0.0,1.0,438
category,live_irrelevance,delta_sentence_count,5.523100406205741,5,5,6,473
category,live_irrelevance,delta_ttr,-0.2957659409576381,-0.3008763458763458,-0.35245901639344257,-0.23899629781982723,473
category,live_irrelevance,delta_type_coverage,0.543669711437764,0.625,0.0,1.0,457
category,live_irrelevance,delta_unique_word_count,65.55792095501398,66,60,72,473
category,live_irrelevance,delta_word_count,113.93237303570285,114,106.66666666666667,123.5,473
category,live_irrelevance,delta_word_entropy,2.145734340930833,2.1666135192909386,1.8940421735344843,2.450405712991766,473
category,live_irrelevance,orig_avg_sentence_len,14.676102707280421,14.5,12.0,17.0,473
category,live_irrelevance,orig_bullet_count,0,0,0,0,473
category,live_irrelevance,orig_char_count,114.96764914706402,104,84,131,473
category,live_irrelevance,orig_constraint_mention_count,0.3263155507870096,0,0,0,473
category,live_irrelevance,orig_enum_field_coverage,0.15723684210526315,0.0,0.0,0.0,209
category,live_irrelevance,orig_enum_value_mentions,0.13747357293868923,0,0,0,473
category,live_irrelevance,orig_example_block_count,0,0,0,0,473
category,live_irrelevance,orig_flesch_kincaid_grade,11.660452297042989,11.65636363636364,9.669619314019315,13.400049833887042,473
category,live_irrelevance,orig_flesch_reading_ease,37.60274459907424,39.02785714285716,26.470000000000027,51.17500000000004,473
category,live_irrelevance,orig_has_edge_case_guidance,0.004228329809725159,0,0,0,473
category,live_irrelevance,orig_has_example,0.008527131782945736,0,0,0,473
category,live_irrelevance,orig_has_step_by_step,0,0,0,0,473
category,live_irrelevance,orig_line_count,1,1,1,1,473
category,live_irrelevance,orig_long_word_ratio,0.08695984022286811,0.07692307692307693,0.03344340844340844,0.125,473
category,live_irrelevance,orig_nested_leaf_coverage,0.0,0.0,0.0,0.0,21
category,live_irrelevance,orig_param_name_coverage,0.3097110796460777,0.2,0.0,0.5,457
category,live_irrelevance,orig_repetition_rate,0.08351783587745278,0.07804802955665024,0.015384615384615375,0.125,473
category,live_irrelevance,orig_required_param_coverage,0.43093092629756613,0.3333333333333333,0.0,1.0,438
category,live_irrelevance,orig_sentence_count,1.2908530821663518,1,1,1.3333333333333333,473
category,live_irrelevance,orig_ttr,0.9164821641225472,0.9219519704433498,0.875,0.9846153846153847,473
category,live_irrelevance,orig_type_coverage,0.10887867015875768,0.0,0.0,0.0,457
category,live_irrelevance,orig_unique_word_count,16.344827459362342,15.285714285714286,12.333333333333334,18.5,473
category,live_irrelevance,orig_word_count,18.23676015668616,16.5,13.2,21,473
category,live_irrelevance,orig_word_entropy,3.8903577554049407,3.875,3.584962500721156,4.158791212892835,473
category,multiple,aug_avg_sentence_len,20.777995275965864,21.0,19.142857142857142,22.5,425
category,multiple,aug_bullet_count,0.009411764705882352,0,0,0,425
category,multiple,aug_char_count,787.7929411764705,787,746,834,425
category,multiple,aug_constraint_mention_count,2.176470588235294,2,1,3,425
category,multiple,aug_enum_field_coverage,1.0,1.0,1.0,1.0,37
category,multiple,aug_enum_value_mentions,0.2988235294117647,0,0,0,425
category,multiple,aug_example_block_count,0,0,0,0,425
category,multiple,aug_flesch_kincaid_grade,11.827753141170074,11.782521367521369,10.778541458541458,12.846780684104626,425
category,multiple,aug_flesch_reading_ease,47.27137381118531,47.805152068126546,41.55380487804882,54.12091207349084,425
category,multiple,aug_has_edge_case_guidance,0.002352941176470588,0,0,0,425
category,multiple,aug_has_example,0.23058823529411765,0,0,0,425
category,multiple,aug_has_step_by_step,0,0,0,0,425
category,multiple,aug_line_count,1.5247058823529411,1,1,1,425
category,multiple,aug_long_word_ratio,0.06368323800139168,0.058823529411764705,0.043795620437956206,0.07971014492753623,425
category,multiple,aug_nested_leaf_coverage,1.0,1.0,1.0,1.0,5
category,multiple,aug_param_name_coverage,1.0,1.0,1.0,1.0,425
category,multiple,aug_repetition_rate,0.3897582220445891,0.3897058823529411,0.36220472440944884,0.4155844155844156,425
category,multiple,aug_required_param_coverage,1.0,1.0,1.0,1.0,425
category,multiple,aug_sentence_count,6.437647058823529,6,6,7,425
category,multiple,aug_ttr,0.6102417779554109,0.6102941176470589,0.5844155844155844,0.6377952755905512,425
category,multiple,aug_type_coverage,0.7383529411764705,1.0,0.5,1.0,425
category,multiple,aug_unique_word_count,79.94823529411765,80,75,85,425
category,multiple,aug_word_count,131.13647058823528,132,125,137,425
category,multiple,aug_word_entropy,6.001583498686121,6.009928527591454,5.896640855327563,6.117751433979976,425
category,multiple,delta_avg_sentence_len,9.058191354397236,9.666666666666668,6.857142857142858,12.0,425
category,multiple,delta_bullet_count,0.009411764705882352,0,0,0,425
category,multiple,delta_char_count,713.8625490196079,711,672,762,425
category,multiple,delta_constraint_mention_count,1.9466666666666668,1,1,3,425
category,multiple,delta_enum_field_coverage,0.8918918918918919,1.0,1.0,1.0,37
category,multiple,delta_enum_value_mentions,0.28705882352941176,0,0,0,425
category,multiple,delta_example_block_count,0,0,0,0,425
category,multiple,delta_flesch_kincaid_grade,1.777003231011043,1.9422972972972943,-0.14510662898252846,3.753833214030063,425
category,multiple,delta_flesch_reading_ease,3.3933503687993647,1.7266536322558181,-9.264487179487176,14.497500000000002,425
category,multiple,delta_has_edge_case_guidance,0.002352941176470588,0,0,0,425
category,multiple,delta_has_example,0.23058823529411765,0,0,0,425
category,multiple,delta_has_step_by_step,0,0,0,0,425
category,multiple,delta_line_count,0.5247058823529411,0,0,0,425
category,multiple,delta_long_word_ratio,-0.006337091983231276,0.006065804673797484,-0.046153846153846156,0.046153846153846156,425
category,multiple,delta_nested_leaf_coverage,0.8,1.0,1.0,1.0,5
category,multiple,delta_param_name_coverage,0.5856470588235294,0.6666666666666667,0.33333333333333337,1.0,425
category,multiple,delta_repetition_rate,0.3401351676598403,0.35416666666666663,0.29462474645030423,0.39230769230769236,425
category,multiple,delta_required_param_coverage,0.5118235294117647,0.5,0.0,1.0,425
category,multiple,delta_sentence_count,5.398823529411764,5,5,6,425
category,multiple,delta_ttr,-0.3401351676598403,-0.35416666666666663,-0.39230769230769236,-0.29462474645030423,425
category,multiple,delta_type_coverage,0.6662941176470588,1.0,0.3333333333333333,1.0,425
category,multiple,delta_unique_word_count,68.70196078431373,69,64,73,425
category,multiple,delta_word_count,119.12882352941176,120,113,125.5,425
category,multiple,delta_word_entropy,2.6026074284534397,2.567243100602564,2.333339527822816,2.8606077971897035,425
category,multiple,orig_avg_sentence_len,11.719803921568628,11.0,9.0,14.0,425
category,multiple,orig_bullet_count,0,0,0,0,425
category,multiple,orig_char_count,73.93039215686275,69,57,86,425
category,multiple,orig_constraint_mention_count,0.22980392156862745,0,0,0,425
category,multiple,orig_enum_field_coverage,0.10810810810810811,0.0,0.0,0.0,37
category,multiple,orig_enum_value_mentions,0.011764705882352941,0,0,0,425
category,multiple,orig_example_block_count,0,0,0,0,425
category,multiple,orig_flesch_kincaid_grade,10.05074991015903,9.781176470588235,7.773333333333333,12.286666666666669,425
category,multiple,orig_flesch_reading_ease,43.87802344238595,46.60500000000002,29.515000000000015,60.70500000000001,425
category,multiple,orig_has_edge_case_guidance,0,0,0,0,425
category,multiple,orig_has_example,0,0,0,0,425
category,multiple,orig_has_step_by_step,0,0,0,0,425
category,multiple,orig_line_count,1,1,1,1,425
category,multiple,orig_long_word_ratio,0.07002032998462296,0.06666666666666667,0.0,0.1111111111111111,425
category,multiple,orig_nested_leaf_coverage,0.2,0.0,0.0,0.0,5
category,multiple,orig_param_name_coverage,0.4143529411764706,0.3333333333333333,0.0,0.6666666666666666,425
category,multiple,orig_repetition_rate,0.049623054384748774,0.0,0.0,0.09090909090909094,425
category,multiple,orig_required_param_coverage,0.48817647058823527,0.5,0.0,1.0,425
category,multiple,orig_sentence_count,1.0388235294117647,1,1,1,425
category,multiple,orig_ttr,0.9503769456152512,1.0,0.9090909090909091,1.0,425
category,multiple,orig_type_coverage,0.07205882352941176,0.0,0.0,0.0,425
category,multiple,orig_unique_word_count,11.246274509803921,11,9,13,425
category,multiple,orig_word_count,12.00764705882353,11.5,9,14,425
category,multiple,orig_word_entropy,3.3989760702326812,3.4182958340544896,3.169925001442312,3.6644977792004623,425
category,simple_javascript,aug_avg_sentence_len,21.62420634920635,20.845238095238095,19.357142857142854,23.725,50
category,simple_javascript,aug_bullet_count,0.14,0.0,0.0,0.0,50
category,simple_javascript,aug_char_count,805.28,803.0,753.5,849.75,50
category,simple_javascript,aug_constraint_mention_count,1.46,1.0,0.0,2.0,50
category,simple_javascript,aug_enum_value_mentions,0,0.0,0.0,0.0,50
category,simple_javascript,aug_example_block_count,0,0.0,0.0,0.0,50
category,simple_javascript,aug_flesch_kincaid_grade,12.433074384959493,12.071884716333537,10.819136391625618,13.70159523809524,50
category,simple_javascript,aug_flesch_reading_ease,44.438716260482806,46.03771278590179,38.411615138592765,53.75305475129358,50
category,simple_javascript,aug_has_edge_case_guidance,0.08,0.0,0.0,0.0,50
category,simple_javascript,aug_has_example,0.08,0.0,0.0,0.0,50
category,simple_javascript,aug_has_step_by_step,0,0.0,0.0,0.0,50
category,simple_javascript,aug_line_count,1.66,1.0,1.0,1.0,50
category,simple_javascript,aug_long_word_ratio,0.06563051194067346,0.056197834423640874,0.04285714285714286,0.08075570653793433,50
category,simple_javascript,aug_nested_leaf_coverage,1.0,1.0,1.0,1.0,5
category,simple_javascript,aug_param_name_coverage,1.0,1.0,1.0,1.0,50
category,simple_javascript,aug_repetition_rate,0.39496486555631655,0.40003062630799857,0.369830609409118,0.42225855130784706,50
category,simple_javascript,aug_required_param_coverage,1.0,1.0,1.0,1.0,50
category,simple_javascript,aug_sentence_count,6.36,6.0,5.25,7.0,50
category,simple_javascript,aug_ttr,0.6050351344436835,0.5999693736920014,0.5777414486921529,0.6301693905908821,50
category,simple_javascript,aug_type_coverage,0.5189047619047619,0.5,0.3333333333333333,0.9583333333333334,50
category,simple_javascript,aug_unique_word_count,80.34,81.0,76.0,85.0,50
category,simple_javascript,aug_word_count,132.94,134.0,126.0,140.0,50
category,simple_javascript,aug_word_entropy,5.997676129947273,6.013436673035612,5.919873936255497,6.09958135674262,50
category,simple_javascript,delta_avg_sentence_len,0.37087301587301585,1.1944444444444438,-4.1812499999999995,4.274999999999999,50
category,simple_javascript,delta_bullet_count,0.14,0.0,0.0,0.0,50
category,simple_javascript,delta_char_count,627.68,638.0,562.25,684.75,50
category,simple_javascript,delta_constraint_mention_count,1.28,1.0,0.0,1.0,50
category,simple_javascript,delta_enum_value_mentions,0,0.0,0.0,0.0,50
category,simple_javascript,delta_example_block_count,0,0.0,0.0,0.0,50
category,simple_javascript,delta_flesch_kincaid_grade,-1.100213285877474,-0.36568141443280666,-3.721435547875064,1.0746893452883262,50
category,simple_javascript,delta_flesch_reading_ease,8.548532386426903,6.242945215862221,-0.7691874886277787,16.398989148504427,50
category,simple_javascript,delta_has_edge_case_guidance,0.02,0.0,0.0,0.0,50
category,simple_javascript,delta_has_example,0.08,0.0,0.0,0.0,50
category,simple_javascript,delta_has_step_by_step,0,0.0,0.0,0.0,50
category,simple_javascript,delta_line_count,0.66,0.0,0.0,0.0,50
category,simple_javascript,delta_long_word_ratio,-0.013110666336150148,0.00619093165269664,-0.03028429903429903,0.026212549882847058,50
category,simple_javascript,delta_nested_leaf_coverage,1.0,1.0,1.0,1.0,5
category,simple_javascript,delta_param_name_coverage,0.626,0.75,0.33333333333333337,1.0,50
category,simple_javascript,delta_repetition_rate,0.24295154994727958,0.25076052199464177,0.1967147629357691,0.31290141474243366,50
category,simple_javascript,delta_required_param_coverage,0.6376666666666667,0.75,0.33333333333333337,1.0,50
category,simple_javascript,delta_sentence_count,4.9,5.0,4.0,6.0,50
category,simple_javascript,delta_ttr,-0.24295154994727958,-0.25076052199464177,-0.31290141474243366,-0.1967147629357691,50
category,simple_javascript,delta_type_coverage,0.37223809523809526,0.3333333333333333,0.0,0.5,50
category,simple_javascript,delta_unique_word_count,56.44,57.5,51.0,62.75,50
category,simple_javascript,delta_word_count,104.1,105.5,93.25,114.0,50
category,simple_javascript,delta_word_entropy,1.5534074891878473,1.4849081194766502,1.2792481051799915,1.8734323107587263,50
category,simple_javascript,orig_avg_sentence_len,21.253333333333334,20.0,17.0,25.0,50
category,simple_javascript,orig_bullet_count,0,0.0,0.0,0.0,50
category,simple_javascript,orig_char_count,177.6,173.0,136.5,225.0,50
category,simple_javascript,orig_constraint_mention_count,0.18,0.0,0.0,0.0,50
category,simple_javascript,orig_enum_value_mentions,0,0.0,0.0,0.0,50
category,simple_javascript,orig_example_block_count,0,0.0,0.0,0.0,50
category,simple_javascript,orig_flesch_kincaid_grade,13.533287670836968,13.123735177865612,11.226931818181821,15.670882352941177,50
category,simple_javascript,orig_flesch_reading_ease,35.8901838740559,39.22106854838712,23.210986842105285,47.81607142857145,50
category,simple_javascript,orig_has_edge_case_guidance,0.06,0.0,0.0,0.0,50
category,simple_javascript,orig_has_example,0,0.0,0.0,0.0,50
category,simple_javascript,orig_has_step_by_step,0,0.0,0.0,0.0,50
category,simple_javascript,orig_line_count,1,1.0,1.0,1.0,50
category,simple_javascript,orig_long_word_ratio,0.07874117827682361,0.05131578947368421,0.022222222222222223,0.11240053050397879,50
category,simple_javascript,orig_nested_leaf_coverage,0.0,0.0,0.0,0.0,5
category,simple_javascript,orig_param_name_coverage,0.374,0.25,0.0,0.6666666666666666,50
category,simple_javascript,orig_repetition_rate,0.15201331560903694,0.15075757575757576,0.09199134199134201,0.19861111111111107,50
category,simple_javascript,orig_required_param_coverage,0.36233333333333334,0.25,0.0,0.6666666666666666,50
category,simple_javascript,orig_sentence_count,1.46,1.0,1.0,2.0,50
category,simple_javascript,orig_ttr,0.847986684390963,0.8492424242424242,0.8013888888888889,0.9080086580086579,50
category,simple_javascript,orig_type_coverage,0.14666666666666667,0.0,0.0,0.125,50
category,simple_javascript,orig_unique_word_count,23.9,24.0,19.0,28.0,50
category,simple_javascript,orig_word_count,28.84,28.0,22.0,34.0,50
category,simple_javascript,orig_word_entropy,4.444268640759425,4.472474195824821,4.17668218361651,4.73226138783428,50
category,parallel_multiple,aug_avg_sentence_len,20.770405013857395,21.0,19.428571428571427,22.5,126
category,parallel_multiple,aug_bullet_count,0,0.0,0.0,0.0,126
category,parallel_multiple,aug_char_count,762.7857142857143,761.5,727.25,807.75,126
category,parallel_multiple,aug_constraint_mention_count,2.0873015873015874,2.0,1.0,3.0,126
category,parallel_multiple,aug_enum_field_coverage,1.0,1.0,1.0,1.0,4
category,parallel_multiple,aug_enum_value_mentions,0.11904761904761904,0.0,0.0,0.0,126
category,parallel_multiple,aug_example_block_count,0,0.0,0.0,0.0,126
category,parallel_multiple,aug_flesch_kincaid_grade,11.735945930719028,11.646059718969557,10.642136115640287,12.587852789552072,126
category,parallel_multiple,aug_flesch_reading_ease,47.916065799780625,48.978279030054665,42.276920121334726,53.68427043575067,126
category,parallel_multiple,aug_has_edge_case_guidance,0.015873015873015872,0.0,0.0,0.0,126
category,parallel_multiple,aug_has_example,0.18253968253968253,0.0,0.0,0.0,126
category,parallel_multiple,aug_has_step_by_step,0,0.0,0.0,0.0,126
category,parallel_multiple,aug_line_count,1.6349206349206349,1.0,1.0,1.0,126
category,parallel_multiple,aug_long_word_ratio,0.057585288625357764,0.05263455450022614,0.039139394685039366,0.07448866777224986,126
category,parallel_multiple,aug_nested_leaf_coverage,1.0,1.0,1.0,1.0,1
category,parallel_multiple,aug_param_name_coverage,1.0,1.0,1.0,1.0,126
category,parallel_multiple,aug_repetition_rate,0.3946963142750462,0.3944310388620777,0.3641451831750339,0.4254922197523023,126
category,parallel_multiple,aug_required_param_coverage,1.0,1.0,1.0,1.0,126
category,parallel_multiple,aug_sentence_count,6.261904761904762,6.0,6.0,7.0,126
category,parallel_multiple,aug_ttr,0.6053036857249539,0.6055689611379222,0.5745077802476977,0.635854816824966,126
category,parallel_multiple,aug_type_coverage,0.7423280423280423,1.0,0.5,1.0,126
category,parallel_multiple,aug_unique_word_count,77.38095238095238,78.0,73.0,81.0,126
category,parallel_multiple,aug_word_count,128.05555555555554,129.0,122.0,134.75,126
category,parallel_multiple,aug_word_entropy,5.935146144812003,5.966613755409366,5.832486767437329,6.042101174020906,126
category,parallel_multiple,delta_avg_sentence_len,10.55611929957168,11.0,8.041666666666668,13.214285714285714,126
category,parallel_multiple,delta_bullet_count,0,0.0,0.0,0.0,126
category,parallel_multiple,delta_char_count,702.047619047619,700.5,660.5,753.0,126
category,parallel_multiple,delta_constraint_mention_count,1.8968253968253967,2.0,1.0,3.0,126
category,parallel_multiple,delta_enum_field_coverage,1.0,1.0,1.0,1.0,4
category,parallel_multiple,delta_enum_value_mentions,0.11904761904761904,0.0,0.0,0.0,126
category,parallel_multiple,delta_example_block_count,0,0.0,0.0,0.0,126
category,parallel_multiple,delta_flesch_kincaid_grade,2.8526509122454375,3.1166519229562706,1.2126562872822735,4.658851619399598,126
category,parallel_multiple,delta_flesch_reading_ease,-1.6505345641411868,-4.115007545486577,-12.457930966574438,8.988479853479841,126
category,parallel_multiple,delta_has_edge_case_guidance,0.015873015873015872,0.0,0.0,0.0,126
category,parallel_multiple,delta_has_example,0.18253968253968253,0.0,0.0,0.0,126
category,parallel_multiple,delta_has_step_by_step,0,0.0,0.0,0.0,126
category,parallel_multiple,delta_line_count,0.6349206349206349,0.0,0.0,0.0,126
category,parallel_multiple,delta_long_word_ratio,0.01061337826059026,0.029962967119290765,-0.021230294151920234,0.04979508196721312,126
category,parallel_multiple,delta_nested_leaf_coverage,1.0,1.0,1.0,1.0,1
category,parallel_multiple,delta_param_name_coverage,0.4728835978835979,0.5,0.0,1.0,126
category,parallel_multiple,delta_repetition_rate,0.34116217205042776,0.34702426810477655,0.29730834641548926,0.38386466165413535,126
category,parallel_multiple,delta_required_param_coverage,0.4384920634920635,0.5,0.0,1.0,126
category,parallel_multiple,delta_sentence_count,5.261904761904762,5.0,5.0,6.0,126
category,parallel_multiple,delta_ttr,-0.34116217205042776,-0.34702426810477655,-0.38386466165413535,-0.29730834641548926,126
category,parallel_multiple,delta_type_coverage,0.6074074074074074,1.0,0.0,1.0,126
category,parallel_multiple,delta_unique_word_count,67.78571428571429,68.0,64.0,72.0,126
category,parallel_multiple,delta_word_count,117.84126984126983,118.0,111.0,125.0,126
category,parallel_multiple,delta_word_entropy,2.7453315439718216,2.71104373719003,2.4817132731812808,3.0075119115689453,126
category,parallel_multiple,orig_avg_sentence_len,10.214285714285714,10.0,8.0,12.0,126
category,parallel_multiple,orig_bullet_count,0,0.0,0.0,0.0,126
category,parallel_multiple,orig_char_count,60.73809523809524,60.25,48.0,74.0,126
category,parallel_multiple,orig_constraint_mention_count,0.19047619047619047,0.0,0.0,0.0,126
category,parallel_multiple,orig_enum_field_coverage,0.0,0.0,0.0,0.0,4
category,parallel_multiple,orig_enum_value_mentions,0,0.0,0.0,0.0,126
category,parallel_multiple,orig_example_block_count,0,0.0,0.0,0.0,126
category,parallel_multiple,orig_flesch_kincaid_grade,8.883295018473591,8.912927350427353,6.999772727272728,10.735833333333336,126
category,parallel_multiple,orig_flesch_reading_ease,49.566600363921815,50.56788461538464,39.33000000000001,61.32500000000002,126
category,parallel_multiple,orig_has_edge_case_guidance,0,0.0,0.0,0.0,126
category,parallel_multiple,orig_has_example,0,0.0,0.0,0.0,126
category,parallel_multiple,orig_has_step_by_step,0,0.0,0.0,0.0,126
category,parallel_multiple,orig_line_count,1,1.0,1.0,1.0,126
category,parallel_multiple,orig_long_word_ratio,0.046971910364767507,0.0,0.0,0.09090909090909091,126
category,parallel_multiple,orig_nested_leaf_coverage,0.0,0.0,0.0,0.0,1
category,parallel_multiple,orig_param_name_coverage,0.5271164021164021,0.5,0.0,1.0,126
category,parallel_multiple,orig_repetition_rate,0.053534142224618414,0.0,0.0,0.09999999999999998,126
category,parallel_multiple,orig_required_param_coverage,0.5615079365079365,0.5,0.0,1.0,126
category,parallel_multiple,orig_sentence_count,1,1.0,1.0,1.0,126
category,parallel_multiple,orig_ttr,0.9464658577753816,1.0,0.9,1.0,126
category,parallel_multiple,orig_type_coverage,0.1349206349206349,0.0,0.0,0.0,126
category,parallel_multiple,orig_unique_word_count,9.595238095238095,9.0,8.0,11.0,126
category,parallel_multiple,orig_word_count,10.214285714285714,10.0,8.0,12.0,126
category,parallel_multiple,orig_word_entropy,3.1898146008401813,3.169925001442312,2.94770277922009,3.4491476724915957,126
category,irrelevance,aug_avg_sentence_len,20.808419572797256,21.0,18.857142857142858,22.571428571428573,233
category,irrelevance,aug_bullet_count,0,0,0,0,233
category,irrelevance,aug_char_count,800.6824034334763,800,762,841,233
category,irrelevance,aug_constraint_mention_count,2.1931330472103006,2,1,3,233
category,irrelevance,aug_enum_field_coverage,1.0,1.0,1.0,1.0,22
category,irrelevance,aug_enum_value_mentions,0.2832618025751073,0,0,0,233
category,irrelevance,aug_example_block_count,0,0,0,0,233
category,irrelevance,aug_flesch_kincaid_grade,11.743099595506616,11.612537313432835,10.690000000000001,12.766573643410855,233
category,irrelevance,aug_flesch_reading_ease,47.93248545606954,48.457911392405066,41.11750000000001,54.942500000000024,233
category,irrelevance,aug_has_edge_case_guidance,0.004291845493562232,0,0,0,233
category,irrelevance,aug_has_example,0.24892703862660945,0,0,0,233
category,irrelevance,aug_has_step_by_step,0,0,0,0,233
category,irrelevance,aug_line_count,1.4506437768240343,1,1,1,233
category,irrelevance,aug_long_word_ratio,0.06147670049974603,0.06,0.04065040650406504,0.07751937984496124,233
category,irrelevance,aug_nested_leaf_coverage,1.0,1.0,1.0,1.0,5
category,irrelevance,aug_param_name_coverage,1.0,1.0,1.0,1.0,233
category,irrelevance,aug_repetition_rate,0.3963013574107977,0.3941605839416058,0.3671875,0.4253731343283582,233
category,irrelevance,aug_required_param_coverage,1.0,1.0,1.0,1.0,233
category,irrelevance,aug_sentence_count,6.527896995708154,6,6,7,233
category,irrelevance,aug_ttr,0.6036986425892024,0.6058394160583942,0.5746268656716418,0.6328125,233
category,irrelevance,aug_type_coverage,0.6634886572654813,1.0,0.3333333333333333,1.0,233
category,irrelevance,aug_unique_word_count,80.36051502145922,80,76,85,233
category,irrelevance,aug_word_count,133.27467811158797,134,128,138,233
category,irrelevance,aug_word_entropy,5.994323668570184,6.002426904098582,5.878341245898357,6.110303005103159,233
category,irrelevance,delta_avg_sentence_len,9.285887383956053,9.666666666666668,6.428571428571427,12.2,233
category,irrelevance,delta_bullet_count,0,0,0,0,233
category,irrelevance,delta_char_count,729.5940629470672,729.5,691,766,233
category,irrelevance,delta_constraint_mention_count,2.0007153075822606,2,1,3,233
category,irrelevance,delta_enum_field_coverage,0.7045454545454546,1.0,0.125,1.0,22
category,irrelevance,delta_enum_value_mentions,0.2145922746781116,0,0,0,233
category,irrelevance,delta_example_block_count,0,0,0,0,233
category,irrelevance,delta_flesch_kincaid_grade,2.1867906163403785,2.317212389380529,0.05145593869731435,4.249373776908023,233
category,irrelevance,delta_flesch_reading_ease,0.8609329666278261,-0.2755213464696169,-11.877238805970165,12.942325581395352,233
category,irrelevance,delta_has_edge_case_guidance,0.004291845493562232,0,0,0,233
category,irrelevance,delta_has_example,0.24892703862660945,0,0,0,233
category,irrelevance,delta_has_step_by_step,0,0,0,0,233
category,irrelevance,delta_line_count,0.45064377682403434,0,0,0,233
category,irrelevance,delta_long_word_ratio,-0.0011554440386323135,0.014925373134328358,-0.03787878787878788,0.045112781954887216,233
category,irrelevance,delta_nested_leaf_coverage,1.0,1.0,1.0,1.0,5
category,irrelevance,delta_param_name_coverage,0.6494584099734314,0.6666666666666667,0.33333333333333337,1.0,233
category,irrelevance,delta_repetition_rate,0.34446658293181603,0.3578431372549019,0.29569892473118276,0.39583333333333337,233
category,irrelevance,delta_required_param_coverage,0.5343109203624226,0.5,0.0,1.0,233
category,irrelevance,delta_sentence_count,5.515021459227468,5,5,6,233
category,irrelevance,delta_ttr,-0.34446658293181603,-0.3578431372549019,-0.39583333333333337,-0.29569892473118276,233
category,irrelevance,delta_type_coverage,0.5729256080114449,0.6666666666666666,0.0,1.0,233
category,irrelevance,delta_unique_word_count,69.43061516452074,69,64.33333333333333,74,233
category,irrelevance,delta_word_count,121.59871244635193,122,117,127.66666666666667,233
category,irrelevance,delta_word_entropy,2.6363719348416113,2.6033282459160123,2.3669395343359563,2.891259195003361,233
category,irrelevance,orig_avg_sentence_len,11.522532188841202,11.0,9.0,14.0,233
category,irrelevance,orig_bullet_count,0,0,0,0,233
category,irrelevance,orig_char_count,71.08834048640915,68,56,82.66666666666667,233
category,irrelevance,orig_constraint_mention_count,0.19241773962804007,0,0,0,233
category,irrelevance,orig_enum_field_coverage,0.29545454545454547,0.0,0.0,0.875,22
category,irrelevance,orig_enum_value_mentions,0.06866952789699571,0,0,0,233
category,irrelevance,orig_example_block_count,0,0,0,0,233
category,irrelevance,orig_flesch_kincaid_grade,9.556308979166237,9.57277777777778,7.190000000000001,11.91,233
category,irrelevance,orig_flesch_reading_ease,47.071552489441714,48.917626050420196,30.947692307692336,63.486153846153854,233
category,irrelevance,orig_has_edge_case_guidance,0,0,0,0,233
category,irrelevance,orig_has_example,0,0,0,0,233
category,irrelevance,orig_has_step_by_step,0,0,0,0,233
category,irrelevance,orig_line_count,1,1,1,1,233
category,irrelevance,orig_long_word_ratio,0.06263214453837834,0.058823529411764705,0.0,0.10096153846153846,233
category,irrelevance,orig_nested_leaf_coverage,0.0,0.0,0.0,0.0,5
category,irrelevance,orig_param_name_coverage,0.35054159002656854,0.3333333333333333,0.0,0.6666666666666666,233
category,irrelevance,orig_repetition_rate,0.05183477447898166,0.0,0.0,0.08333333333333337,233
category,irrelevance,orig_required_param_coverage,0.4656890796375775,0.5,0.0,1.0,233
category,irrelevance,orig_sentence_count,1.0128755364806867,1,1,1,233
category,irrelevance,orig_ttr,0.9481652255210183,1.0,0.9166666666666666,1.0,233
category,irrelevance,orig_type_coverage,0.09056304925403638,0.0,0.0,0.0,233
category,irrelevance,orig_unique_word_count,10.929899856938484,11,8.5,13,233
category,irrelevance,orig_word_count,11.67596566523605,11,9,14,233
category,irrelevance,orig_word_entropy,3.357951733728573,3.3772968652028394,3.0609640474436812,3.6644977792004623,233
category,live_simple,aug_avg_sentence_len,20.088156288156288,20.166666666666664,18.0,21.875,26
category,live_simple,aug_bullet_count,0.11538461538461539,0.0,0.0,0.0,26
category,live_simple,aug_char_count,786.6923076923077,779.0,749.5,816.5,26
category,live_simple,aug_constraint_mention_count,2.769230769230769,2.5,1.0,3.0,26
category,live_simple,aug_enum_field_coverage,0.85,1.0,1.0,1.0,10
category,live_simple,aug_enum_value_mentions,1.1153846153846154,0.0,0.0,2.75,26
category,live_simple,aug_example_block_count,0,0.0,0.0,0.0,26
category,live_simple,aug_flesch_kincaid_grade,11.831308232037657,11.900151515151515,10.3420055985681,12.454398177008743,26
category,live_simple,aug_flesch_reading_ease,46.01721222693181,47.573485979194956,41.98171535455589,53.09773852067053,26
category,live_simple,aug_has_edge_case_guidance,0.038461538461538464,0.0,0.0,0.0,26
category,live_simple,aug_has_example,0.2692307692307692,0.0,0.0,0.75,26
category,live_simple,aug_has_step_by_step,0,0.0,0.0,0.0,26
category,live_simple,aug_line_count,2.269230769230769,1.0,1.0,3.0,26
category,live_simple,aug_long_word_ratio,0.06177104557928907,0.056394820536119945,0.04765625,0.06988941291266873,26
category,live_simple,aug_param_name_coverage,1.0,1.0,1.0,1.0,26
category,live_simple,aug_repetition_rate,0.3870716219455773,0.3827637958900947,0.3645241477272727,0.4158834586466165,26
category,live_simple,aug_required_param_coverage,1.0,1.0,1.0,1.0,25
category,live_simple,aug_sentence_count,6.615384615384615,6.0,6.0,7.0,26
category,live_simple,aug_ttr,0.6129283780544227,0.6172362041099053,0.5841165413533835,0.6354758522727273,26
category,live_simple,aug_type_coverage,0.9025641025641026,1.0,1.0,1.0,26
category,live_simple,aug_unique_word_count,80.23076923076923,80.0,76.25,84.0,26
category,live_simple,aug_word_count,131.03846153846155,130.5,126.0,138.5,26
category,live_simple,aug_word_entropy,6.001756899946481,5.992188539454257,5.892215766597198,6.123815224468743,26
category,live_simple,delta_avg_sentence_len,5.03046398046398,5.895833333333334,3.166666666666667,8.583333333333334,26
category,live_simple,delta_bullet_count,0.11538461538461539,0.0,0.0,0.0,26
category,live_simple,delta_char_count,677.0961538461538,696.5,642.5,721.75,26
category,live_simple,delta_constraint_mention_count,2.576923076923077,2.0,1.0,3.0,26
category,live_simple,delta_enum_field_coverage,0.6,0.75,0.125,1.0,10
category,live_simple,delta_enum_value_mentions,0.8461538461538461,0.0,0.0,1.75,26
category,live_simple,delta_example_block_count,0,0.0,0.0,0.0,26
category,live_simple,delta_flesch_kincaid_grade,0.04653652325688093,-0.10780202403542027,-1.1038679029304017,1.9751443106312285,26
category,live_simple,delta_flesch_reading_ease,8.626124712701642,7.144414095009836,2.1676550863655635,18.814682724252506,26
category,live_simple,delta_has_edge_case_guidance,0,0.0,0.0,0.0,26
category,live_simple,delta_has_example,0.2692307692307692,0.0,0.0,0.75,26
category,live_simple,delta_has_step_by_step,0,0.0,0.0,0.0,26
category,live_simple,delta_line_count,1.2692307692307692,0.0,0.0,2.0,26
category,live_simple,delta_long_word_ratio,-0.002308896988463095,-0.004562542720437445,-0.04353326572814762,0.04453099466172786,26
category,live_simple,delta_param_name_coverage,0.6091575091575092,0.7083333333333334,0.0625,1.0,26
category,live_simple,delta_repetition_rate,0.30376197007458644,0.32985418973791064,0.2465114089882706,0.37237241456834536,26
category,live_simple,delta_required_param_coverage,0.5466666666666666,0.5,0.0,1.0,25
category,live_simple,delta_sentence_count,5.346153846153846,5.0,5.0,6.0,26
category,live_simple,delta_ttr,-0.30376197007458644,-0.32985418973791064,-0.37237241456834536,-0.2465114089882706,26
category,live_simple,delta_type_coverage,0.7243589743589743,1.0,0.375,1.0,26
category,live_simple,delta_unique_word_count,64.36538461538461,63.25,58.625,70.0,26
category,live_simple,delta_word_count,113.0,113.0,107.25,119.75,26
category,live_simple,delta_word_entropy,2.1726427746537804,2.1655045289837016,1.8178143681282435,2.4961482210747192,26
category,live_simple,orig_avg_sentence_len,15.057692307692308,13.0,10.25,18.75,26
category,live_simple,orig_bullet_count,0,0.0,0.0,0.0,26
category,live_simple,orig_char_count,109.59615384615384,99.0,67.625,132.125,26
category,live_simple,orig_constraint_mention_count,0.19230769230769232,0.0,0.0,0.0,26
category,live_simple,orig_enum_field_coverage,0.25,0.0,0.0,0.375,10
category,live_simple,orig_enum_value_mentions,0.2692307692307692,0.0,0.0,0.0,26
category,live_simple,orig_example_block_count,0,0.0,0.0,0.0,26
category,live_simple,orig_flesch_kincaid_grade,11.784771708780776,10.978636363636365,9.310592105263161,13.967814685314687,26
category,live_simple,orig_flesch_reading_ease,37.391087514230165,36.30439189189191,26.092777255639117,49.88020089285716,26
category,live_simple,orig_has_edge_case_guidance,0.038461538461538464,0.0,0.0,0.0,26
category,live_simple,orig_has_example,0,0.0,0.0,0.0,26
category,live_simple,orig_has_step_by_step,0,0.0,0.0,0.0,26
category,live_simple,orig_line_count,1,1.0,1.0,1.0,26
category,live_simple,orig_long_word_ratio,0.06407994256775217,0.05263157894736842,0.0,0.11323529411764706,26
category,live_simple,orig_param_name_coverage,0.39084249084249084,0.29166666666666663,0.0,0.9375,26
category,live_simple,orig_repetition_rate,0.08330965187099088,0.05210944026733505,0.0,0.11875,26
category,live_simple,orig_required_param_coverage,0.4533333333333333,0.5,0.0,1.0,25
category,live_simple,orig_sentence_count,1.2692307692307692,1.0,1.0,1.0,26
category,live_simple,orig_ttr,0.9166903481290091,0.947890559732665,0.88125,1.0,26
category,live_simple,orig_type_coverage,0.1782051282051282,0.0,0.0,0.0,26
category,live_simple,orig_unique_word_count,15.865384615384615,14.5,11.0,19.75,26
category,live_simple,orig_word_count,18.03846153846154,16.5,11.125,21.375,26
category,live_simple,orig_word_entropy,3.829114125292701,3.7487365023295625,3.3611918780125185,4.1948377698999835,26
category,multi_turn_base,aug_avg_sentence_len,21.709382832080202,21.416666666666664,19.833333333333332,23.4,76
category,multi_turn_base,aug_bullet_count,0,0.0,0.0,0.0,76
category,multi_turn_base,aug_char_count,762.0657894736842,750.0,705.0,812.25,76
category,multi_turn_base,aug_constraint_mention_count,0.9078947368421053,1.0,0.0,1.0,76
category,multi_turn_base,aug_enum_value_mentions,0,0.0,0.0,0.0,76
category,multi_turn_base,aug_example_block_count,0,0.0,0.0,0.0,76
category,multi_turn_base,aug_flesch_kincaid_grade,12.736258045758488,12.669481176718019,11.645607054455446,13.625870554177007,76
category,multi_turn_base,aug_flesch_reading_ease,42.416751551751005,43.0689767898006,37.37194746376812,49.32168845500851,76
category,multi_turn_base,aug_has_edge_case_guidance,0.02631578947368421,0.0,0.0,0.0,76
category,multi_turn_base,aug_has_example,0.11842105263157894,0.0,0.0,0.0,76
category,multi_turn_base,aug_has_step_by_step,0,0.0,0.0,0.0,76
category,multi_turn_base,aug_line_count,1.8157894736842106,1.0,1.0,3.0,76
category,multi_turn_base,aug_long_word_ratio,0.06190115576345203,0.05600358422939068,0.0386953712406015,0.07543859649122807,76
category,multi_turn_base,aug_repetition_rate,0.3501657944867311,0.3421113421113421,0.32432201944397065,0.3795240809347392,76
category,multi_turn_base,aug_sentence_count,5.802631578947368,6.0,5.0,6.0,76
category,multi_turn_base,aug_ttr,0.649834205513269,0.6578886578886579,0.6204759190652608,0.6756779805560293,76
category,multi_turn_base,aug_unique_word_count,80.65789473684211,81.0,75.75,85.25,76
category,multi_turn_base,aug_word_count,124.40789473684211,122.0,116.75,133.0,76
category,multi_turn_base,aug_word_entropy,6.025422856069463,6.0287345214134636,5.909121658525454,6.119657044316966,76
category,multi_turn_base,delta_avg_sentence_len,18.64359335839599,18.183333333333334,17.108333333333334,20.424999999999997,76
category,multi_turn_base,delta_bullet_count,0,0.0,0.0,0.0,76
category,multi_turn_base,delta_char_count,709.9736842105264,699.5,652.75,759.5,76
category,multi_turn_base,delta_constraint_mention_count,0.9078947368421053,1.0,0.0,1.0,76
category,multi_turn_base,delta_enum_value_mentions,0,0.0,0.0,0.0,76
category,multi_turn_base,delta_example_block_count,0,0.0,0.0,0.0,76
category,multi_turn_base,delta_flesch_kincaid_grade,-1.984137735360979,-0.6453261848474625,-5.5826824431517705,2.074211887211888,76
category,multi_turn_base,delta_flesch_reading_ease,47.43139440889384,38.137684837092735,19.942820866816483,70.74360188104244,76
category,multi_turn_base,delta_has_edge_case_guidance,0.02631578947368421,0.0,0.0,0.0,76
category,multi_turn_base,delta_has_example,0.11842105263157894,0.0,0.0,0.0,76
category,multi_turn_base,delta_has_step_by_step,0,0.0,0.0,0.0,76
category,multi_turn_base,delta_line_count,0.8157894736842105,0.0,0.0,2.0,76
category,multi_turn_base,delta_long_word_ratio,-0.08801530204774262,-0.10271699355971897,-0.13721889630823547,0.013016528925619834,76
category,multi_turn_base,delta_repetition_rate,0.34828609523861076,0.3415750915750916,0.3211767740456265,0.3795240809347392,76
category,multi_turn_base,delta_sentence_count,3.8026315789473686,4.0,3.0,4.0,76
category,multi_turn_base,delta_ttr,-0.34828609523861076,-0.3415750915750916,-0.3795240809347392,-0.3211767740456265,76
category,multi_turn_base,delta_unique_word_count,74.53947368421052,75.0,69.0,79.0,76
category,multi_turn_base,delta_word_count,118.27631578947368,116.5,110.0,126.25,76
category,multi_turn_base,delta_word_entropy,3.436749873675884,3.466013313601236,3.3110566523409917,3.6453042572473824,76
category,multi_turn_base,orig_avg_sentence_len,3.0657894736842106,3.0,2.5,3.5,76
category,multi_turn_base,orig_bullet_count,0,0.0,0.0,0.0,76
category,multi_turn_base,orig_char_count,52.0921052631579,50.5,47.0,56.25,76
category,multi_turn_base,orig_constraint_mention_count,0,0.0,0.0,0.0,76
category,multi_turn_base,orig_enum_value_mentions,0,0.0,0.0,0.0,76
category,multi_turn_base,orig_example_block_count,0,0.0,0.0,0.0,76
category,multi_turn_base,orig_flesch_kincaid_grade,14.720395781119468,13.705000000000002,11.060714285714287,18.425,76
category,multi_turn_base,orig_flesch_reading_ease,-5.01464285714283,1.2575000000000216,-32.58249999999995,21.99678571428572,76
category,multi_turn_base,orig_has_edge_case_guidance,0,0.0,0.0,0.0,76
category,multi_turn_base,orig_has_example,0,0.0,0.0,0.0,76
category,multi_turn_base,orig_has_step_by_step,0,0.0,0.0,0.0,76
category,multi_turn_base,orig_line_count,1,1.0,1.0,1.0,76
category,multi_turn_base,orig_long_word_ratio,0.14991645781119464,0.16666666666666666,0.0,0.2,76
category,multi_turn_base,orig_repetition_rate,0.0018796992481203013,0.0,0.0,0.0,76
category,multi_turn_base,orig_sentence_count,2,2.0,2.0,2.0,76
category,multi_turn_base,orig_ttr,0.9981203007518797,1.0,1.0,1.0,76
category,multi_turn_base,orig_unique_word_count,6.118421052631579,6.0,5.0,7.0,76
category,multi_turn_base,orig_word_count,6.131578947368421,6.0,5.0,7.0,76
category,multi_turn_base,orig_word_entropy,2.5886729823935792,2.584962500721156,2.321928094887362,2.807354922057604,76
category,memory,aug_avg_sentence_len,22.0,22.0,22.0,22.0,1
category,memory,aug_bullet_count,0,0,0,0,1
category,memory,aug_char_count,858,858,858,858,1
category,memory,aug_constraint_mention_count,0,0,0,0,1
category,memory,aug_enum_value_mentions,0,0,0,0,1
category,memory,aug_example_block_count,0,0,0,0,1
category,memory,aug_flesch_kincaid_grade,14.444545454545459,14.444545454545459,14.444545454545459,14.444545454545459,1
category,memory,aug_flesch_reading_ease,30.686818181818182,30.686818181818182,30.686818181818182,30.686818181818182,1
category,memory,aug_has_edge_case_guidance,0,0,0,0,1
category,memory,aug_has_example,0,0,0,0,1
category,memory,aug_has_step_by_step,0,0,0,0,1
category,memory,aug_line_count,1,1,1,1,1
category,memory,aug_long_word_ratio,0.10606060606060606,0.10606060606060606,0.10606060606060606,0.10606060606060606,1
category,memory,aug_repetition_rate,0.303030303030303,0.303030303030303,0.303030303030303,0.303030303030303,1
category,memory,aug_sentence_count,6,6,6,6,1
category,memory,aug_ttr,0.696969696969697,0.696969696969697,0.696969696969697,0.696969696969697,1
category,memory,aug_unique_word_count,92,92,92,92,1
category,memory,aug_word_count,132,132,132,132,1
category,memory,aug_word_entropy,6.241242510032663,6.241242510032663,6.241242510032663,6.241242510032663,1
category,memory,delta_avg_sentence_len,18.0,18.0,18.0,18.0,1
category,memory,delta_bullet_count,0,0,0,0,1
category,memory,delta_char_count,827,827,827,827,1
category,memory,delta_constraint_mention_count,0,0,0,0,1
category,memory,delta_enum_value_mentions,0,0,0,0,1
category,memory,delta_example_block_count,0,0,0,0,1
category,memory,delta_flesch_kincaid_grade,1.9245454545454592,1.9245454545454592,1.9245454545454592,1.9245454545454592,1
category,memory,delta_flesch_reading_ease,18.26181818181817,18.26181818181817,18.26181818181817,18.26181818181817,1
category,memory,delta_has_edge_case_guidance,0,0,0,0,1
category,memory,delta_has_example,0,0,0,0,1
category,memory,delta_has_step_by_step,0,0,0,0,1
category,memory,delta_line_count,0,0,0,0,1
category,memory,delta_long_word_ratio,0.10606060606060606,0.10606060606060606,0.10606060606060606,0.10606060606060606,1
category,memory,delta_repetition_rate,0.303030303030303,0.303030303030303,0.303030303030303,0.303030303030303,1
category,memory,delta_sentence_count,5,5,5,5,1
category,memory,delta_ttr,-0.303030303030303,-0.303030303030303,-0.303030303030303,-0.303030303030303,1
category,memory,delta_unique_word_count,88,88,88,88,1
category,memory,delta_word_count,128,128,128,128,1
category,memory,delta_word_entropy,4.241242510032663,4.241242510032663,4.241242510032663,4.241242510032663,1
category,memory,orig_avg_sentence_len,4.0,4.0,4.0,4.0,1
category,memory,orig_bullet_count,0,0,0,0,1
category,memory,orig_char_count,31,31,31,31,1
category,memory,orig_constraint_mention_count,0,0,0,0,1
category,memory,orig_enum_value_mentions,0,0,0,0,1
category,memory,orig_example_block_count,0,0,0,0,1
category,memory,orig_flesch_kincaid_grade,12.52,12.52,12.52,12.52,1
category,memory,orig_flesch_reading_ease,12.425000000000011,12.425000000000011,12.425000000000011,12.425000000000011,1
category,memory,orig_has_edge_case_guidance,0,0,0,0,1
category,memory,orig_has_example,0,0,0,0,1
category,memory,orig_has_step_by_step,0,0,0,0,1
category,memory,orig_line_count,1,1,1,1,1
category,memory,orig_long_word_ratio,0.0,0.0,0.0,0.0,1
category,memory,orig_repetition_rate,0.0,0.0,0.0,0.0,1
category,memory,orig_sentence_count,1,1,1,1,1
category,memory,orig_ttr,1.0,1.0,1.0,1.0,1
category,memory,orig_unique_word_count,4,4,4,4,1
category,memory,orig_word_count,4,4,4,4,1
category,memory,orig_word_entropy,2.0,2.0,2.0,2.0,1
category,parallel,aug_avg_sentence_len,20.586704903283852,21.0,18.773809523809526,22.666666666666668,95
category,parallel,aug_bullet_count,0,0,0.0,0.0,95
category,parallel,aug_char_count,795.1578947368421,804,751.0,837.0,95
category,parallel,aug_constraint_mention_count,2.136842105263158,2,1.0,3.0,95
category,parallel,aug_enum_field_coverage,1.0,1.0,1.0,1.0,7
category,parallel,aug_enum_value_mentions,0.2,0,0.0,0.0,95
category,parallel,aug_example_block_count,0,0,0.0,0.0,95
category,parallel,aug_flesch_kincaid_grade,11.783728112612849,11.879796747967482,10.644974962587776,12.924017857142859,95
category,parallel,aug_flesch_reading_ease,47.246303273327975,46.403109756097564,41.372573770491826,54.91119998393245,95
category,parallel,aug_has_edge_case_guidance,0,0,0.0,0.0,95
category,parallel,aug_has_example,0.15789473684210525,0,0.0,0.0,95
category,parallel,aug_has_step_by_step,0,0,0.0,0.0,95
category,parallel,aug_line_count,1.6736842105263159,1,1.0,1.0,95
category,parallel,aug_long_word_ratio,0.05959510372645414,0.06015037593984962,0.03577365728900256,0.08,95
category,parallel,aug_param_name_coverage,0.9964912280701754,1.0,1.0,1.0,95
category,parallel,aug_repetition_rate,0.40089025661488437,0.40625,0.3725853094274147,0.4280261723009815,95
category,parallel,aug_required_param_coverage,0.9964912280701754,1.0,1.0,1.0,95
category,parallel,aug_sentence_count,6.568421052631579,6,6.0,7.0,95
category,parallel,aug_ttr,0.5991097433851156,0.59375,0.5719738276990185,0.6274146905725853,95
category,parallel,aug_type_coverage,0.7108771929824561,1.0,0.5,1.0,95
category,parallel,aug_unique_word_count,79.50526315789473,80,74.0,84.0,95
category,parallel,aug_word_count,132.83157894736843,133,126.0,140.5,95
category,parallel,aug_word_entropy,5.988400749578774,5.999254083578686,5.874802609887299,6.081852510281542,95
category,parallel,delta_avg_sentence_len,7.799862798020692,8.555555555555555,4.988095238095237,11.283333333333333,95
category,parallel,delta_bullet_count,0,0,0.0,0.0,95
category,parallel,delta_char_count,713.9473684210526,724,667.0,770.0,95
category,parallel,delta_constraint_mention_count,1.931578947368421,2,1.0,3.0,95
category,parallel,delta_enum_field_coverage,0.8571428571428571,1.0,1.0,1.0,7
category,parallel,delta_enum_value_mentions,0.18947368421052632,0,0.0,0.0,95
category,parallel,delta_example_block_count,0,0,0.0,0.0,95
category,parallel,delta_flesch_kincaid_grade,1.3131594635870525,1.5632692307692295,-1.1303897180762856,3.5986334721258384,95
category,parallel,delta_flesch_reading_ease,4.477663203943752,3.6222900763358723,-10.47363180699957,20.020801658019394,95
category,parallel,delta_has_edge_case_guidance,0,0,0.0,0.0,95
category,parallel,delta_has_example,0.15789473684210525,0,0.0,0.0,95
category,parallel,delta_has_step_by_step,0,0,0.0,0.0,95
category,parallel,delta_line_count,0.6736842105263158,0,0.0,0.0,95
category,parallel,delta_long_word_ratio,-0.007760800120813561,0.014880952380952384,-0.03910675381263617,0.03463268365817092,95
category,parallel,delta_param_name_coverage,0.5571929824561404,0.5,0.33333333333333337,1.0,95
category,parallel,delta_repetition_rate,0.3265969669378567,0.3305785123966942,0.2754028237867044,0.38593939393939397,95
category,parallel,delta_required_param_coverage,0.4929824561403509,0.5,0.0,1.0,95
category,parallel,delta_sentence_count,5.526315789473684,5,5.0,6.0,95
category,parallel,delta_ttr,-0.3265969669378567,-0.3305785123966942,-0.38593939393939397,-0.2754028237867044,95
category,parallel,delta_type_coverage,0.584561403508772,0.6666666666666666,0.3333333333333333,1.0,95
category,parallel,delta_unique_word_count,67.54736842105264,68,62.5,73.0,95
category,parallel,delta_word_count,119.63157894736842,119,111.5,128.0,95
category,parallel,delta_word_entropy,2.5053845943976185,2.524964402630747,2.2432598823159413,2.7641778293081787,95
category,parallel,orig_avg_sentence_len,12.786842105263158,12.0,10.0,15.0,95
category,parallel,orig_bullet_count,0,0,0.0,0.0,95
category,parallel,orig_char_count,81.21052631578948,78,63.0,92.0,95
category,parallel,orig_constraint_mention_count,0.20526315789473684,0,0.0,0.0,95
category,parallel,orig_enum_field_coverage,0.14285714285714285,0.0,0.0,0.0,7
category,parallel,orig_enum_value_mentions,0.010526315789473684,0,0.0,0.0,95
category,parallel,orig_example_block_count,0,0,0.0,0.0,95
category,parallel,orig_flesch_kincaid_grade,10.470568649025797,10.356923076923078,8.182231934731934,13.004166666666666,95
category,parallel,orig_flesch_reading_ease,42.76864006938422,43.963076923076954,27.767500000000013,59.658571428571456,95
category,parallel,orig_has_edge_case_guidance,0,0,0.0,0.0,95
category,parallel,orig_has_example,0,0,0.0,0.0,95
category,parallel,orig_has_step_by_step,0,0,0.0,0.0,95
category,parallel,orig_line_count,1,1,1.0,1.0,95
category,parallel,orig_long_word_ratio,0.06735590384726771,0.05555555555555555,0.0,0.11681573214080954,95
category,parallel,orig_param_name_coverage,0.4392982456140351,0.5,0.0,0.6666666666666666,95
category,parallel,orig_repetition_rate,0.07429328967702765,0.06818181818181818,0.0,0.125,95
category,parallel,orig_required_param_coverage,0.5035087719298246,0.5,0.0,1.0,95
category,parallel,orig_sentence_count,1.0421052631578946,1,1.0,1.0,95
category,parallel,orig_ttr,0.9257067103229724,0.9318181818181819,0.875,1.0,95
category,parallel,orig_type_coverage,0.12631578947368421,0.0,0.0,0.0,95
category,parallel,orig_unique_word_count,11.957894736842105,12,10.0,14.0,95
category,parallel,orig_word_count,13.2,12,10.0,15.75,95
category,parallel,orig_word_entropy,3.4830161551811547,3.5465935642949384,3.220175521464345,3.7130452371265927,95
category,simple_python,aug_avg_sentence_len,19.940633792535966,20.166666666666668,18.0,21.833333333333332,92
category,simple_python,aug_bullet_count,0,0.0,0.0,0.0,92
category,simple_python,aug_char_count,793.0217391304348,788.5,748.75,826.5,92
category,simple_python,aug_constraint_mention_count,1.8695652173913044,1.0,0.75,3.0,92
category,simple_python,aug_enum_field_coverage,1.0,1.0,1.0,1.0,13
category,simple_python,aug_enum_value_mentions,0.6304347826086957,0.0,0.0,0.0,92
category,simple_python,aug_example_block_count,0,0.0,0.0,0.0,92
category,simple_python,aug_flesch_kincaid_grade,11.238739326180891,11.424126984126987,10.122385326808228,12.47783308004053,92
category,simple_python,aug_flesch_reading_ease,50.00287740871401,50.079640129736134,43.77437343358398,55.63139534883724,92
category,simple_python,aug_has_edge_case_guidance,0,0.0,0.0,0.0,92
category,simple_python,aug_has_example,0.25,0.0,0.0,0.25,92
category,simple_python,aug_has_step_by_step,0,0.0,0.0,0.0,92
category,simple_python,aug_line_count,1.391304347826087,1.0,1.0,1.0,92
category,simple_python,aug_long_word_ratio,0.06193330523319316,0.06006441223832529,0.04371628054585846,0.07660235448005231,92
category,simple_python,aug_nested_leaf_coverage,1.0,1.0,1.0,1.0,1
category,simple_python,aug_param_name_coverage,1.0,1.0,1.0,1.0,92
category,simple_python,aug_repetition_rate,0.38715461408208685,0.39272486772486775,0.34674254317111464,0.4188995215311005,92
category,simple_python,aug_required_param_coverage,1.0,1.0,1.0,1.0,92
category,simple_python,aug_sentence_count,6.8478260869565215,7.0,6.0,7.0,92
category,simple_python,aug_ttr,0.6128453859179132,0.6072751322751322,0.5811004784688996,0.6532574568288854,92
category,simple_python,aug_type_coverage,0.6312111801242236,0.6666666666666666,0.3333333333333333,1.0,92
category,simple_python,aug_unique_word_count,81.3586956521739,82.0,76.0,86.0,92
category,simple_python,aug_word_count,132.84782608695653,132.0,127.0,138.0,92
category,simple_python,aug_word_entropy,6.031913692116871,6.053876080448337,5.922743638421867,6.153072425810004,92
category,simple_python,delta_avg_sentence_len,7.4732424881881405,7.4642857142857135,4.625000000000001,10.708333333333334,92
category,simple_python,delta_bullet_count,0,0.0,0.0,0.0,92
category,simple_python,delta_char_count,715.875,712.0,681.25,757.0,92
category,simple_python,delta_constraint_mention_count,1.6467391304347827,1.0,0.0,2.0,92
category,simple_python,delta_enum_field_coverage,0.7307692307692307,1.0,0.5,1.0,13
category,simple_python,delta_enum_value_mentions,0.5760869565217391,0.0,0.0,0.0,92
category,simple_python,delta_example_block_count,0,0.0,0.0,0.0,92
category,simple_python,delta_flesch_kincaid_grade,1.7268030195436976,1.5850205095057195,-0.7105413600484018,3.863832926829267,92
category,simple_python,delta_flesch_reading_ease,0.9303052475299453,1.2129816017315989,-13.045280801570645,15.006511049179576,92
category,simple_python,delta_has_edge_case_guidance,0,0.0,0.0,0.0,92
category,simple_python,delta_has_example,0.25,0.0,0.0,0.25,92
category,simple_python,delta_has_step_by_step,0,0.0,0.0,0.0,92
category,simple_python,delta_line_count,0.391304347826087,0.0,0.0,0.0,92
category,simple_python,delta_long_word_ratio,-0.008356703267364334,0.0027356103731815302,-0.041919191919191925,0.043557600761662964,92
category,simple_python,delta_nested_leaf_coverage,1.0,1.0,1.0,1.0,1
category,simple_python,delta_param_name_coverage,0.5804089026915114,0.55,0.33333333333333337,1.0,92
category,simple_python,delta_repetition_rate,0.33166208398266217,0.33316912972085383,0.2762013256006628,0.40285852713178294,92
category,simple_python,delta_required_param_coverage,0.43568840579710144,0.33333333333333337,0.0,1.0,92
category,simple_python,delta_sentence_count,5.771739130434782,6.0,5.0,6.0,92
category,simple_python,delta_ttr,-0.33166208398266217,-0.33316912972085383,-0.40285852713178294,-0.2762013256006628,92
category,simple_python,delta_type_coverage,0.4945652173913043,0.5,0.0,1.0,92
category,simple_python,delta_unique_word_count,69.35326086956522,70.0,64.75,74.125,92
category,simple_python,delta_word_count,120.02173913043478,120.5,114.75,126.0,92
category,simple_python,delta_word_entropy,2.522390600583082,2.493460488160821,2.280636320268778,2.780841002195333,92
category,simple_python,orig_avg_sentence_len,12.467391304347826,12.0,10.0,15.0,92
category,simple_python,orig_bullet_count,0,0.0,0.0,0.0,92
category,simple_python,orig_char_count,77.14673913043478,73.5,60.0,90.0,92
category,simple_python,orig_constraint_mention_count,0.22282608695652173,0.0,0.0,0.0,92
category,simple_python,orig_enum_field_coverage,0.2692307692307692,0.0,0.0,0.5,13
category,simple_python,orig_enum_value_mentions,0.05434782608695652,0.0,0.0,0.0,92
category,simple_python,orig_example_block_count,0,0.0,0.0,0.0,92
category,simple_python,orig_flesch_kincaid_grade,9.511936306637194,9.379615384615386,7.190000000000001,11.930974264705883,92
category,simple_python,orig_flesch_reading_ease,49.07257216118407,50.00674825174828,30.947692307692336,65.72500000000001,92
category,simple_python,orig_has_edge_case_guidance,0,0.0,0.0,0.0,92
category,simple_python,orig_has_example,0,0.0,0.0,0.0,92
category,simple_python,orig_has_step_by_step,0,0.0,0.0,0.0,92
category,simple_python,orig_line_count,1,1.0,1.0,1.0,92
category,simple_python,orig_long_word_ratio,0.0702900085005575,0.06904761904761905,0.0,0.10526315789473684,92
category,simple_python,orig_nested_leaf_coverage,0.0,0.0,0.0,0.0,1
category,simple_python,orig_param_name_coverage,0.4195910973084886,0.45,0.0,0.6666666666666666,92
category,simple_python,orig_repetition_rate,0.05549253009942465,0.0,0.0,0.09999999999999998,92
category,simple_python,orig_required_param_coverage,0.5643115942028986,0.6666666666666666,0.0,1.0,92
category,simple_python,orig_sentence_count,1.076086956521739,1.0,1.0,1.0,92
category,simple_python,orig_ttr,0.9445074699005753,1.0,0.9,1.0,92
category,simple_python,orig_type_coverage,0.13664596273291926,0.0,0.0,0.0,92
category,simple_python,orig_unique_word_count,12.005434782608695,11.0,10.0,13.625,92
category,simple_python,orig_word_count,12.826086956521738,12.0,10.0,15.0,92
category,simple_python,orig_word_entropy,3.5095230915337887,3.459431618637298,3.321928094887362,3.7021420110058774,92
category,web_search,aug_avg_sentence_len,23.6,23.6,23.6,23.6,1
category,web_search,aug_bullet_count,0,0,0,0,1
category,web_search,aug_char_count,711,711,711,711,1
category,web_search,aug_constraint_mention_count,2,2,2,2,1
category,web_search,aug_enum_value_mentions,0,0,0,0,1
category,web_search,aug_example_block_count,0,0,0,0,1
category,web_search,aug_flesch_kincaid_grade,12.514000000000003,12.514000000000003,12.514000000000003,12.514000000000003,1
category,web_search,aug_flesch_reading_ease,47.37761016949153,47.37761016949153,47.37761016949153,47.37761016949153,1
category,web_search,aug_has_edge_case_guidance,0,0,0,0,1
category,web_search,aug_has_example,0,0,0,0,1
category,web_search,aug_has_step_by_step,0,0,0,0,1
category,web_search,aug_line_count,3,3,3,3,1
category,web_search,aug_long_word_ratio,0.06779661016949153,0.06779661016949153,0.06779661016949153,0.06779661016949153,1
category,web_search,aug_repetition_rate,0.35593220338983056,0.35593220338983056,0.35593220338983056,0.35593220338983056,1
category,web_search,aug_sentence_count,5,5,5,5,1
category,web_search,aug_ttr,0.6440677966101694,0.6440677966101694,0.6440677966101694,0.6440677966101694,1
category,web_search,aug_unique_word_count,76,76,76,76,1
category,web_search,aug_word_count,118,118,118,118,1
category,web_search,aug_word_entropy,6.026213811853687,6.026213811853687,6.026213811853687,6.026213811853687,1
category,web_search,delta_avg_sentence_len,19.6,19.6,19.6,19.6,1
category,web_search,delta_bullet_count,0,0,0,0,1
category,web_search,delta_char_count,677,677,677,677,1
category,web_search,delta_constraint_mention_count,2,2,2,2,1
category,web_search,delta_enum_value_mentions,0,0,0,0,1
category,web_search,delta_example_block_count,0,0,0,0,1
category,web_search,delta_flesch_kincaid_grade,-0.005999999999996675,-0.005999999999996675,-0.005999999999996675,-0.005999999999996675,1
category,web_search,delta_flesch_reading_ease,34.95261016949152,34.95261016949152,34.95261016949152,34.95261016949152,1
category,web_search,delta_has_edge_case_guidance,0,0,0,0,1
category,web_search,delta_has_example,0,0,0,0,1
category,web_search,delta_has_step_by_step,0,0,0,0,1
category,web_search,delta_line_count,2,2,2,2,1
category,web_search,delta_long_word_ratio,-0.1822033898305085,-0.1822033898305085,-0.1822033898305085,-0.1822033898305085,1
category,web_search,delta_repetition_rate,0.35593220338983056,0.35593220338983056,0.35593220338983056,0.35593220338983056,1
category,web_search,delta_sentence_count,4,4,4,4,1
category,web_search,delta_ttr,-0.35593220338983056,-0.35593220338983056,-0.35593220338983056,-0.35593220338983056,1
category,web_search,delta_unique_word_count,72,72,72,72,1
category,web_search,delta_word_count,114,114,114,114,1
category,web_search,delta_word_entropy,4.026213811853687,4.026213811853687,4.026213811853687,4.026213811853687,1
category,web_search,orig_avg_sentence_len,4.0,4.0,4.0,4.0,1
category,web_search,orig_bullet_count,0,0,0,0,1
category,web_search,orig_char_count,34,34,34,34,1
category,web_search,orig_constraint_mention_count,0,0,0,0,1
category,web_search,orig_enum_value_mentions,0,0,0,0,1
category,web_search,orig_example_block_count,0,0,0,0,1
category,web_search,orig_flesch_kincaid_grade,12.52,12.52,12.52,12.52,1
category,web_search,orig_flesch_reading_ease,12.425000000000011,12.425000000000011,12.425000000000011,12.425000000000011,1
category,web_search,orig_has_edge_case_guidance,0,0,0,0,1
category,web_search,orig_has_example,0,0,0,0,1
category,web_search,orig_has_step_by_step,0,0,0,0,1
category,web_search,orig_line_count,1,1,1,1,1
category,web_search,orig_long_word_ratio,0.25,0.25,0.25,0.25,1
category,web_search,orig_repetition_rate,0.0,0.0,0.0,0.0,1
category,web_search,orig_sentence_count,1,1,1,1,1
category,web_search,orig_ttr,1.0,1.0,1.0,1.0,1
category,web_search,orig_unique_word_count,4,4,4,4,1
category,web_search,orig_word_count,4,4,4,4,1
category,web_search,orig_word_entropy,2.0,2.0,2.0,2.0,1
category,live_parallel_multiple,aug_avg_sentence_len,21.003401360544217,20.571428571428573,19.642857142857146,22.083333333333336,7
category,live_parallel_multiple,aug_bullet_count,0,0,0.0,0.0,7
category,live_parallel_multiple,aug_char_count,804,804,786.5,828.5,7
category,live_parallel_multiple,aug_constraint_mention_count,1.1428571428571428,1,1.0,1.5,7
category,live_parallel_multiple,aug_enum_field_coverage,0.75,0.75,0.625,0.875,2
category,live_parallel_multiple,aug_enum_value_mentions,0.7142857142857143,0,0.0,0.5,7
category,live_parallel_multiple,aug_example_block_count,0,0,0.0,0.0,7
category,live_parallel_multiple,aug_flesch_kincaid_grade,12.23864376444855,11.863529411764706,10.826130952380955,13.150923331054912,7
category,live_parallel_multiple,aug_flesch_reading_ease,44.726968129000916,43.12380325814539,38.690895721925145,53.101879562043806,7
category,live_parallel_multiple,aug_has_edge_case_guidance,0.14285714285714285,0,0.0,0.0,7
category,live_parallel_multiple,aug_has_example,0,0,0.0,0.0,7
category,live_parallel_multiple,aug_has_step_by_step,0,0,0.0,0.0,7
category,live_parallel_multiple,aug_line_count,1,1,1.0,1.0,7
category,live_parallel_multiple,aug_long_word_ratio,0.06961426002114945,0.07518796992481203,0.05359299516908213,0.08747135217723453,7
category,live_parallel_multiple,aug_param_name_coverage,1.0,1.0,1.0,1.0,7
category,live_parallel_multiple,aug_repetition_rate,0.3629272146211196,0.3560606060606061,0.32960568842921784,0.40066425120772947,7
category,live_parallel_multiple,aug_required_param_coverage,1.0,1.0,1.0,1.0,7
category,live_parallel_multiple,aug_sentence_count,6.428571428571429,7,6.0,7.0,7
category,live_parallel_multiple,aug_ttr,0.6370727853788805,0.6439393939393939,0.5993357487922706,0.6703943115707822,7
category,live_parallel_multiple,aug_type_coverage,0.2738095238095238,0.25,0.0,0.5,7
category,live_parallel_multiple,aug_unique_word_count,84.71428571428571,85,81.0,87.0,7
category,live_parallel_multiple,aug_word_count,133.28571428571428,133,131.0,137.5,7
category,live_parallel_multiple,aug_word_entropy,6.112634935053512,6.096290564399769,6.042087572563581,6.153886194077767,7
category,live_parallel_multiple,delta_avg_sentence_len,5.789115646258504,5.166666666666668,4.107142857142858,7.2857142857142865,7
category,live_parallel_multiple,delta_bullet_count,0,0,0.0,0.0,7
category,live_parallel_multiple,delta_char_count,667.7142857142857,683,628.0,706.5,7
category,live_parallel_multiple,delta_constraint_mention_count,1.1428571428571428,1,1.0,1.5,7
category,live_parallel_multiple,delta_enum_field_coverage,0.75,0.75,0.625,0.875,2
category,live_parallel_multiple,delta_enum_value_mentions,0.7142857142857143,0,0.0,0.5,7
category,live_parallel_multiple,delta_example_block_count,0,0,0.0,0.0,7
category,live_parallel_multiple,delta_flesch_kincaid_grade,-0.9338289215955642,-1.8887593984962372,-2.9975609852434655,0.9272192513368989,7
category,live_parallel_multiple,delta_flesch_reading_ease,17.006082229186422,22.743803258145363,7.6011229946524,31.05863636363636,7
category,live_parallel_multiple,delta_has_edge_case_guidance,0.14285714285714285,0,0.0,0.0,7
category,live_parallel_multiple,delta_has_example,0,0,0.0,0.0,7
category,live_parallel_multiple,delta_has_step_by_step,0,0,0.0,0.0,7
category,live_parallel_multiple,delta_line_count,0,0,0.0,0.0,7
category,live_parallel_multiple,delta_long_word_ratio,-0.031089657909659237,-0.030856005308560055,-0.07326646073449142,0.011970099044402452,7
category,live_parallel_multiple,delta_param_name_coverage,1.0,1.0,1.0,1.0,7
category,live_parallel_multiple,delta_repetition_rate,0.265936903345094,0.29323308270676696,0.2324259074259074,0.3009674658357616,7
category,live_parallel_multiple,delta_required_param_coverage,1.0,1.0,1.0,1.0,7
category,live_parallel_multiple,delta_sentence_count,5,5,5.0,5.0,7
category,live_parallel_multiple,delta_ttr,-0.265936903345094,-0.29323308270676696,-0.3009674658357616,-0.2324259074259074,7
category,live_parallel_multiple,delta_type_coverage,0.17857142857142858,0.0,0.0,0.29166666666666663,7
category,live_parallel_multiple,delta_unique_word_count,66,68,60.0,72.0,7
category,live_parallel_multiple,delta_word_count,112.57142857142857,115,107.0,118.0,7
category,live_parallel_multiple,delta_word_entropy,2.0016130103228975,1.9194570419171084,1.8336661093950646,2.147274731855272,7
category,live_parallel_multiple,orig_avg_sentence_len,15.214285714285714,16.5,11.5,17.5,7
category,live_parallel_multiple,orig_bullet_count,0,0,0.0,0.0,7
category,live_parallel_multiple,orig_char_count,136.28571428571428,134,121.0,146.0,7
category,live_parallel_multiple,orig_constraint_mention_count,0,0,0.0,0.0,7
category,live_parallel_multiple,orig_enum_field_coverage,0.0,0.0,0.0,0.0,2
category,live_parallel_multiple,orig_enum_value_mentions,0,0,0.0,0.0,7
category,live_parallel_multiple,orig_example_block_count,0,0,0.0,0.0,7
category,live_parallel_multiple,orig_flesch_kincaid_grade,13.172472686044115,12.836363636363636,12.564285714285713,14.179444444444446,7
category,live_parallel_multiple,orig_flesch_reading_ease,27.720885899814494,26.470000000000027,21.502272727272754,34.16000000000001,7
category,live_parallel_multiple,orig_has_edge_case_guidance,0,0,0.0,0.0,7
category,live_parallel_multiple,orig_has_example,0,0,0.0,0.0,7
category,live_parallel_multiple,orig_has_step_by_step,0,0,0.0,0.0,7
category,live_parallel_multiple,orig_line_count,1,1,1.0,1.0,7
category,live_parallel_multiple,orig_long_word_ratio,0.10070391793080868,0.08333333333333333,0.05322128851540616,0.14393939393939392,7
category,live_parallel_multiple,orig_param_name_coverage,0.0,0.0,0.0,0.0,7
category,live_parallel_multiple,orig_repetition_rate,0.09699031127602556,0.09090909090909094,0.051587301587301626,0.1515151515151515,7
category,live_parallel_multiple,orig_required_param_coverage,0.0,0.0,0.0,0.0,7
category,live_parallel_multiple,orig_sentence_count,1.4285714285714286,1,1.0,2.0,7
category,live_parallel_multiple,orig_ttr,0.9030096887239745,0.9090909090909091,0.8484848484848485,0.9484126984126984,7
category,live_parallel_multiple,orig_type_coverage,0.09523809523809523,0.0,0.0,0.0,7
category,live_parallel_multiple,orig_unique_word_count,18.714285714285715,18,17.0,19.5,7
category,live_parallel_multiple,orig_word_count,20.714285714285715,21,17.5,22.0,7
category,live_parallel_multiple,orig_word_entropy,4.111021924730615,4.095795255000932,4.07313836579077,4.241891836725344,7
category,live_parallel,aug_avg_sentence_len,18.285714285714285,18.285714285714285,17.642857142857142,18.92857142857143,2
category,live_parallel,aug_bullet_count,0,0.0,0.0,0.0,2
category,live_parallel,aug_char_count,833,833.0,803.0,863.0,2
category,live_parallel,aug_constraint_mention_count,4,4.0,3.5,4.5,2
category,live_parallel,aug_enum_field_coverage,1.0,1.0,1.0,1.0,1
category,live_parallel,aug_enum_value_mentions,2.5,2.5,1.25,3.75,2
category,live_parallel,aug_example_block_count,0,0.0,0.0,0.0,2
category,live_parallel,aug_flesch_kincaid_grade,11.419096025271422,11.419096025271422,10.469989189106299,12.368202861436545,2
category,live_parallel,aug_flesch_reading_ease,45.762231644482625,45.762231644482625,40.102612172606285,51.421851116358965,2
category,live_parallel,aug_has_edge_case_guidance,0,0.0,0.0,0.0,2
category,live_parallel,aug_has_example,0,0.0,0.0,0.0,2
category,live_parallel,aug_has_step_by_step,0,0.0,0.0,0.0,2
category,live_parallel,aug_line_count,1,1.0,1.0,1.0,2
category,live_parallel,aug_long_word_ratio,0.04387612709317304,0.04387612709317304,0.032967475311292405,0.054784778875053675,2
category,live_parallel,aug_param_name_coverage,1.0,1.0,1.0,1.0,2
category,live_parallel,aug_repetition_rate,0.3809843280377844,0.3809843280377844,0.37662355088020605,0.3853451051953628,2
category,live_parallel,aug_required_param_coverage,1.0,1.0,1.0,1.0,2
category,live_parallel,aug_sentence_count,7.5,7.5,7.25,7.75,2
category,live_parallel,aug_ttr,0.6190156719622155,0.6190156719622155,0.6146548948046372,0.623376449119794,2
category,live_parallel,aug_type_coverage,0.5,0.5,0.25,0.75,2
category,live_parallel,aug_unique_word_count,84.5,84.5,83.75,85.25,2
category,live_parallel,aug_word_count,136.5,136.5,136.25,136.75,2
category,live_parallel,aug_word_entropy,6.09759635130812,6.09759635130812,6.087749357506623,6.107443345109617,2
category,live_parallel,delta_avg_sentence_len,-0.8392857142857135,-0.8392857142857135,-2.9196428571428568,1.2410714285714297,2
category,live_parallel,delta_bullet_count,0,0.0,0.0,0.0,2
category,live_parallel,delta_char_count,686.75,686.75,659.875,713.625,2
category,live_parallel,delta_constraint_mention_count,4,4.0,3.5,4.5,2
category,live_parallel,delta_enum_field_coverage,1.0,1.0,1.0,1.0,1
category,live_parallel,delta_enum_value_mentions,2.5,2.5,1.25,3.75,2
category,live_parallel,delta_example_block_count,0,0.0,0.0,0.0,2
category,live_parallel,delta_flesch_kincaid_grade,-3.133154060980088,-3.133154060980088,-4.296590399474002,-1.9697177224861742,2
category,live_parallel,delta_flesch_reading_ease,20.968268279811227,20.968268279811227,16.332348943781007,25.604187615841447,2
category,live_parallel,delta_has_edge_case_guidance,0,0.0,0.0,0.0,2
category,live_parallel,delta_has_example,0,0.0,0.0,0.0,2
category,live_parallel,delta_has_step_by_step,0,0.0,0.0,0.0,2
category,live_parallel,delta_line_count,0,0.0,0.0,0.0,2
category,live_parallel,delta_long_word_ratio,-0.032456458727078814,-0.032456458727078814,-0.03698682712805138,-0.027926090326106254,2
category,live_parallel,delta_param_name_coverage,0.4375,0.4375,0.40625,0.46875,2
category,live_parallel,delta_repetition_rate,0.233580498470767,0.233580498470767,0.22369962471149812,0.2434613722300359,2
category,live_parallel,delta_required_param_coverage,0.25,0.25,0.125,0.375,2
category,live_parallel,delta_sentence_count,6.25,6.25,5.875,6.625,2
category,live_parallel,delta_ttr,-0.233580498470767,-0.233580498470767,-0.2434613722300359,-0.22369962471149812,2
category,live_parallel,delta_type_coverage,0.33333333333333337,0.33333333333333337,0.16666666666666669,0.5,2
category,live_parallel,delta_unique_word_count,65.25,65.25,64.625,65.875,2
category,live_parallel,delta_word_count,113.5,113.5,113.25,113.75,2
category,live_parallel,delta_word_entropy,1.9316055522278863,1.9316055522278863,1.9285583191515736,1.934652785304199,2
category,live_parallel,orig_avg_sentence_len,19.125,19.125,17.6875,20.5625,2
category,live_parallel,orig_bullet_count,0,0.0,0.0,0.0,2
category,live_parallel,orig_char_count,146.25,146.25,143.125,149.375,2
category,live_parallel,orig_constraint_mention_count,0,0.0,0.0,0.0,2
category,live_parallel,orig_enum_field_coverage,0.0,0.0,0.0,0.0,1
category,live_parallel,orig_enum_value_mentions,0,0.0,0.0,0.0,2
category,live_parallel,orig_example_block_count,0,0.0,0.0,0.0,2
category,live_parallel,orig_flesch_kincaid_grade,14.55225008625151,14.55225008625151,14.33792058392272,14.7665795885803,2
category,live_parallel,orig_flesch_reading_ease,24.7939633646714,24.7939633646714,23.77026322882528,25.81766350051752,2
category,live_parallel,orig_has_edge_case_guidance,0,0.0,0.0,0.0,2
category,live_parallel,orig_has_example,0,0.0,0.0,0.0,2
category,live_parallel,orig_has_step_by_step,0,0.0,0.0,0.0,2
category,live_parallel,orig_line_count,1,1.0,1.0,1.0,2
category,live_parallel,orig_long_word_ratio,0.07633258582025185,0.07633258582025185,0.06089356563739866,0.09177160600310505,2
category,live_parallel,orig_param_name_coverage,0.5625,0.5625,0.53125,0.59375,2
category,live_parallel,orig_repetition_rate,0.14740382956701742,0.14740382956701742,0.1418837329653269,0.15292392616870795,2
category,live_parallel,orig_required_param_coverage,0.75,0.75,0.625,0.875,2
category,live_parallel,orig_sentence_count,1.25,1.25,1.125,1.375,2
category,live_parallel,orig_ttr,0.8525961704329825,0.8525961704329825,0.847076073831292,0.8581162670346731,2
category,live_parallel,orig_type_coverage,0.16666666666666666,0.16666666666666666,0.08333333333333333,0.25,2
category,live_parallel,orig_unique_word_count,19.25,19.25,19.125,19.375,2
category,live_parallel,orig_word_count,23,23.0,22.5,23.5,2
category,live_parallel,orig_word_entropy,4.165990799080234,4.165990799080234,4.15919103835505,4.172790559805418,2
category,live_relevance,aug_avg_sentence_len,19.299107142857142,19.214285714285715,18.799107142857142,19.714285714285715,4
category,live_relevance,aug_bullet_count,0,0.0,0.0,0.0,4
category,live_relevance,aug_char_count,903.75,915.0,852.75,966.0,4
category,live_relevance,aug_constraint_mention_count,3.5,3.5,2.5,4.5,4
category,live_relevance,aug_enum_field_coverage,1.0,1.0,1.0,1.0,2
category,live_relevance,aug_enum_value_mentions,1.5,1.5,0.0,3.0,4
category,live_relevance,aug_example_block_count,0,0.0,0.0,0.0,4
category,live_relevance,aug_flesch_kincaid_grade,13.044742393578716,13.25755761715913,11.98999435540027,14.312305655337575,4
category,live_relevance,aug_flesch_reading_ease,35.9121295190398,33.39243422056134,26.60965909090912,42.694904648692024,4
category,live_relevance,aug_has_edge_case_guidance,0,0.0,0.0,0.0,4
category,live_relevance,aug_has_example,0,0.0,0.0,0.0,4
category,live_relevance,aug_has_step_by_step,0,0.0,0.0,0.0,4
category,live_relevance,aug_line_count,1.5,1.0,1.0,1.5,4
category,live_relevance,aug_long_word_ratio,0.08740276902214278,0.10336587350010168,0.08462744329593885,0.1061411992263056,4
category,live_relevance,aug_param_name_coverage,1.0,1.0,1.0,1.0,4
category,live_relevance,aug_repetition_rate,0.3526621174582398,0.3636898055160927,0.34982626493407587,0.3665256580402566,4
category,live_relevance,aug_required_param_coverage,1.0,1.0,1.0,1.0,4
category,live_relevance,aug_sentence_count,7.25,7.0,7.0,7.25,4
category,live_relevance,aug_ttr,0.6473378825417602,0.6363101944839074,0.6334743419597434,0.6501737350659241,4
category,live_relevance,aug_type_coverage,0.5666666666666667,0.55,0.5,0.6166666666666667,4
category,live_relevance,aug_unique_word_count,90.5,91.0,86.0,95.5,4
category,live_relevance,aug_word_count,139.75,139.0,135.75,143.0,4
category,live_relevance,aug_word_entropy,6.233202460491874,6.24818845263693,6.184808128492989,6.296582784635815,4
category,live_relevance,delta_avg_sentence_len,-1.7842261904761902,-1.2589285714285712,-5.745535714285714,2.702380952380953,4
category,live_relevance,delta_bullet_count,0,0.0,0.0,0.0,4
category,live_relevance,delta_char_count,709.5,719.5,663.75,765.25,4
category,live_relevance,delta_constraint_mention_count,3.5,3.5,2.5,4.5,4
category,live_relevance,delta_enum_field_coverage,1.0,1.0,1.0,1.0,2
category,live_relevance,delta_enum_value_mentions,1.5,1.5,0.0,3.0,4
category,live_relevance,delta_example_block_count,0,0.0,0.0,0.0,4
category,live_relevance,delta_flesch_kincaid_grade,-5.174581730010115,-3.4761797565782455,-6.4655895206553415,-2.1851719659330193,4
category,live_relevance,delta_flesch_reading_ease,33.92123156895066,26.07064495608313,23.87027064873726,36.12160587629653,4
category,live_relevance,delta_has_edge_case_guidance,0,0.0,0.0,0.0,4
category,live_relevance,delta_has_example,0,0.0,0.0,0.0,4
category,live_relevance,delta_has_step_by_step,0,0.0,0.0,0.0,4
category,live_relevance,delta_line_count,0.5,0.0,0.0,0.5,4
category,live_relevance,delta_long_word_ratio,-0.06871725474493981,-0.05173710996269286,-0.1024463541599055,-0.018008010547727164,4
category,live_relevance,delta_param_name_coverage,0.5125,0.625,0.375,0.7625,4
category,live_relevance,delta_repetition_rate,0.24140246208093735,0.2346776785514076,0.20857799148125958,0.2675021491510854,4
category,live_relevance,delta_required_param_coverage,0.125,0.0,0.0,0.125,4
category,live_relevance,delta_sentence_count,5.75,6.0,5.5,6.25,4
category,live_relevance,delta_ttr,-0.24140246208093735,-0.2346776785514076,-0.2675021491510854,-0.20857799148125958,4
category,live_relevance,delta_type_coverage,0.44166666666666665,0.55,0.375,0.6166666666666667,4
category,live_relevance,delta_unique_word_count,66.75,66.0,64.0,68.75,4
category,live_relevance,delta_word_count,113,111.0,106.75,117.25,4
category,live_relevance,delta_word_entropy,1.7852661312560387,1.7417035898466193,1.4402681029201263,2.0867016181825315,4
category,live_relevance,orig_avg_sentence_len,21.083333333333332,20.0,16.333333333333336,24.75,4
category,live_relevance,orig_bullet_count,0,0.0,0.0,0.0,4
category,live_relevance,orig_char_count,194.25,193.0,142.25,245.0,4
category,live_relevance,orig_constraint_mention_count,0,0.0,0.0,0.0,4
category,live_relevance,orig_enum_field_coverage,0.0,0.0,0.0,0.0,2
category,live_relevance,orig_enum_value_mentions,0,0.0,0.0,0.0,4
category,live_relevance,orig_example_block_count,0,0.0,0.0,0.0,4
category,live_relevance,orig_flesch_kincaid_grade,18.21932412358883,16.733737373737377,15.189803921568629,19.763257575757578,4
category,live_relevance,orig_flesch_reading_ease,1.990897950089142,10.712272727272733,-3.668522727272716,16.37169340463459,4
category,live_relevance,orig_has_edge_case_guidance,0,0.0,0.0,0.0,4
category,live_relevance,orig_has_example,0,0.0,0.0,0.0,4
category,live_relevance,orig_has_step_by_step,0,0.0,0.0,0.0,4
category,live_relevance,orig_line_count,1,1.0,1.0,1.0,4
category,live_relevance,orig_long_word_ratio,0.1561200237670826,0.14646464646464646,0.09803921568627451,0.20454545454545453,4
category,live_relevance,orig_param_name_coverage,0.4875,0.375,0.2375,0.625,4
category,live_relevance,orig_repetition_rate,0.11125965537730242,0.10383244206773617,0.05934343434343431,0.1557486631016043,4
category,live_relevance,orig_required_param_coverage,0.875,1.0,0.875,1.0,4
category,live_relevance,orig_sentence_count,1.5,1.0,1.0,1.5,4
category,live_relevance,orig_ttr,0.8887403446226976,0.8961675579322639,0.8442513368983957,0.9406565656565657,4
category,live_relevance,orig_type_coverage,0.125,0.0,0.0,0.125,4
category,live_relevance,orig_unique_word_count,23.75,23.5,17.75,29.5,4
category,live_relevance,orig_word_count,26.75,27.5,21.0,33.25,4
category,live_relevance,orig_word_entropy,4.447936329235835,4.416312403659623,4.060815112623382,4.803433620272077,4
